Workbook

Sheet Tabelle1
A1: Handle | B1: Def-Lochung | C1: Maschenlänge und -breite | D1: Material | E1: Stärke | F1: Format | G1: Bild | H1: Datenblatt | I1: Lagerplatz | J1: Untertitel | K1: Preis 1 | L1: Preis 2 | M1: Preis 3 | N1: Preis 4 | O1: Preis 5 | P1: Preis 6 | Q1: Preis 7 | R1: Preis 8 | S1: Preis 9 | T1: Preis 10 | U1: Versand | V1: Artikel-Nr | W1: Material-Gruppe | X1: DIN-Bezeichnung (alt) | Y1: DIN-Bezeichnung (neu) | Z1: SpezifischesGewicht | AA1: Ao, ungelochte Fläche | AB1: Gewicht pro Tafel | AC1: DIN | AD1: Daten 9 | AE1: Daten 10 | AF1: Hinweis
A2: streckmetall-tafelware-8x4x1 | B2: Streckgitter | C2: 8x4x1 | D2: Aluminium | E2: 1,00 mm | F2: Kleinformat (1000 x 2000 mm) | G2: https://cdn.shopify.com/s/files/1/0575/0797/1253/files/Streckmetall_Raute_8x4x1.jpg?v=1723045159 | H2: https://cdn.shopify.com/s/files/1/0575/0797/1253/files/8-4-1.pdf?v=1723206890 | I2: // | J2: (ohne Folie) | K2: 134.4 | L2: 114 | M2: 99 | N2: 83 | O2: 74 | P2: 74 | Q2: 58 | R2: 58 | S2: 58 | T2: 50 | U2: 0 | V2: 12977 | W2: Aluminium ohne Folie | X2: Al 99,5 % hh | Y2: EN AW-1050A H24 | Z2: 2,7 g/cm³ | AA2: 50,00 % | AB2: 2,70 Kg | AC2: 791 | AF2: Ohne besondere Oberflächenbearbeitung.
A3: =VLOOKUP(V3,SVERWEIS!A:B,2,FALSE) -> streckmetall-tafelware-8x4x1 | B3: Streckgitter | C3: 8x4x1 | D3: Aluminium | E3: 1,00 mm | F3: Mittelformat (1250 x 2500 mm) | G3: https://cdn.shopify.com/s/files/1/0575/0797/1253/files/Streckmetall_Raute_8x4x1.jpg?v=1723045159 | H3: https://cdn.shopify.com/s/files/1/0575/0797/1253/files/8-4-1.pdf?v=1723206890 | I3: // | J3: (ohne Folie) | K3: 392 | L3: 207 | M3: 173 | N3: 155 | O3: 120 | P3: 120 | Q3: 101 | R3: 101 | S3: 101 | T3: 89 | U3: 0 | V3: 12978 | W3: Aluminium ohne Folie | X3: Al 99,5 % hh | Y3: EN AW-1050A H24 | Z3: 2,7 g/cm³ | AA3: 50,00 % | AB3: 4,22 Kg | AC3: 791 | AF3: Ohne besondere Oberflächenbearbeitung.
A4: streckmetall-tafelware-8x4x1 | B4: Streckgitter | C4: 8x4x1 | D4: Stahl (verzinkt) | E4: 1,00 mm | F4: Kleinformat (1000 x 2000 mm) | G4: https://cdn.shopify.com/s/files/1/0575/0797/1253/files/Streckmetall_Raute_8x4x1.jpg?v=1723045159 | H4: https://cdn.shopify.com/s/files/1/0575/0797/1253/files/8-4-1.pdf?v=1723206890 | I4: // | K4: 103 | L4: 88 | M4: 77 | N4: 64 | O4: 56 | P4: 56 | Q4: 49 | R4: 49 | S4: 49 | T4: 41 | U4: 0 | V4: 12975 | W4: Sendzimir (verzinkt) | X4: St 02 Z 140 | Y4: DX51D+Z 140 | Z4: 8 g/cm³ | AA4: 50,00 % | AB4: 8,00 Kg | AC4: 791 | AF4: Wir weisen darauf hin, dass diese Zinkauflage im Außenbereich keinen ausreichenden und dauerhaften Korrosionsschutz gewährt.
A5: =VLOOKUP(V5,SVERWEIS!A:B,2,FALSE) -> streckmetall-tafelware-8x4x1 | B5: Streckgitter | C5: 8x4x1 | D5: Stahl (verzinkt) | E5: 1,00 mm | F5: Mittelformat (1250 x 2500 mm) | G5: https://cdn.shopify.com/s/files/1/0575/0797/1253/files/Streckmetall_Raute_8x4x1.jpg?v=1723045159 | H5: https://cdn.shopify.com/s/files/1/0575/0797/1253/files/8-4-1.pdf?v=1723206890 | I5: // | K5: 161 | L5: 120 | M5: 101 | N5: 88 | O5: 77 | P5: 77 | Q5: 65 | R5: 65 | S5: 65 | T5: 57 | U5: 0 | V5: 12976 | W5: Sendzimir (verzinkt) | X5: St 02 Z 140 | Y5: DX51D+Z 140 | Z5: 8 g/cm³ | AA5: 50,00 % | AB5: 12,50 Kg | AC5: 791 | AF5: Wir weisen darauf hin, dass diese Zinkauflage im Außenbereich keinen ausreichenden und dauerhaften Korrosionsschutz gewährt.
A6: streckmetall-tafelware-8x4x1 | B6: Streckgitter | C6: 8x4x1 | D6: Stahl | E6: 1,00 mm | F6: Kleinformat (1000 x 2000 mm) | G6: https://cdn.shopify.com/s/files/1/0575/0797/1253/files/Streckmetall_Raute_8x4x1.jpg?v=1723045159 | H6: https://cdn.shopify.com/s/files/1/0575/0797/1253/files/8-4-1.pdf?v=1723206890 | I6: // | K6: 100 | L6: 86 | M6: 74 | N6: 62 | O6: 54 | P6: 54 | Q6: 47 | R6: 47 | S6: 47 | T6: 41 | U6: 0 | V6: 12973 | W6: Stahl | X6: StW 22 | Y6: DD 11 | Z6: 8 g/cm³ | AA6: 50,00 % | AB6: 8,00 Kg | AC6: 791 | AF6: Ohne besondere Oberflächenbearbeitung.
A7: =VLOOKUP(V7,SVERWEIS!A:B,2,FALSE) -> streckmetall-tafelware-8x4x1 | B7: Streckgitter | C7: 8x4x1 | D7: Stahl | E7: 1,00 mm | F7: Mittelformat (1250 x 2500 mm) | G7: https://cdn.shopify.com/s/files/1/0575/0797/1253/files/Streckmetall_Raute_8x4x1.jpg?v=1723045159 | H7: https://cdn.shopify.com/s/files/1/0575/0797/1253/files/8-4-1.pdf?v=1723206890 | I7: // | K7: 157 | L7: 117 | M7: 98 | N7: 85 | O7: 75 | P7: 75 | Q7: 64 | R7: 64 | S7: 64 | T7: 56 | U7: 0 | V7: 12974 | W7: Stahl | X7: StW 22 | Y7: DD 11 | Z7: 8 g/cm³ | AA7: 50,00 % | AB7: 12,50 Kg | AC7: 791 | AF7: Ohne besondere Oberflächenbearbeitung.
A8: streckmetall-tafelware-8x6x1 | B8: Streckgitter | C8: 8x6x1 | D8: Aluminium | E8: 1,00 mm | F8: Kleinformat (1000 x 2000 mm) | G8: https://cdn.shopify.com/s/files/1/0575/0797/1253/files/Streckmetall_Raute_8x6x1.jpg?v=1723045158 | H8: https://cdn.shopify.com/s/files/1/0575/0797/1253/files/8-6-1.pdf?v=1723206889 | I8: // | J8: (ohne Folie) | K8: 249 | L8: 155 | M8: 131 | N8: 109 | O8: 98 | P8: 98 | Q8: 76 | R8: 76 | S8: 76 | T8: 63 | U8: 0 | V8: 12981 | W8: Aluminium ohne Folie | X8: Al 99,5 % hh | Y8: EN AW-1050A H24 | Z8: 2,7 g/cm³ | AA8: 67,00 % | AB8: 1,78 Kg | AC8: 791 | AF8: Ohne besondere Oberflächenbearbeitung.
A9: =VLOOKUP(V9,SVERWEIS!A:B,2,FALSE) -> streckmetall-tafelware-8x6x1 | B9: Streckgitter | C9: 8x6x1 | D9: Aluminium | E9: 1,00 mm | F9: Mittelformat (1250 x 2500 mm) | G9: https://cdn.shopify.com/s/files/1/0575/0797/1253/files/Streckmetall_Raute_8x6x1.jpg?v=1723045158 | H9: https://cdn.shopify.com/s/files/1/0575/0797/1253/files/8-6-1.pdf?v=1723206889 | I9: // | J9: (ohne Folie) | K9: 389 | L9: 205 | M9: 171 | N9: 153 | O9: 119 | P9: 119 | Q9: 99 | R9: 99 | S9: 99 | T9: 89 | U9: 0 | V9: 12983 | W9: Aluminium ohne Folie | X9: Al 99,5 % hh | Y9: EN AW-1050A H24 | Z9: 2,7 g/cm³ | AA9: 67,00 % | AB9: 2,78 Kg | AC9: 791 | AF9: Ohne besondere Oberflächenbearbeitung.
A10: streckmetall-tafelware-8x6x1 | B10: Streckgitter | C10: 8x6x1 | D10: Stahl | E10: 1,00 mm | F10: Kleinformat (1000 x 2000 mm) | G10: https://cdn.shopify.com/s/files/1/0575/0797/1253/files/Streckmetall_Raute_8x6x1.jpg?v=1723045158 | H10: https://cdn.shopify.com/s/files/1/0575/0797/1253/files/8-6-1.pdf?v=1723206889 | I10: // | K10: 99 | L10: 85 | M10: 73 | N10: 61 | O10: 53 | P10: 53 | Q10: 46 | R10: 46 | S10: 46 | T10: 40 | U10: 0 | V10: 12980 | W10: Stahl | X10: St 12.03 | Y10: DC 01 | Z10: 8 g/cm³ | AA10: 67,00 % | AB10: 5,28 Kg | AC10: 791 | AF10: Ohne besondere Oberflächenbearbeitung.
A11: =VLOOKUP(V11,SVERWEIS!A:B,2,FALSE) -> streckmetall-tafelware-8x6x1 | B11: Streckgitter | C11: 8x6x1 | D11: Stahl | E11: 1,00 mm | F11: Mittelformat (1250 x 2500 mm) | G11: https://cdn.shopify.com/s/files/1/0575/0797/1253/files/Streckmetall_Raute_8x6x1.jpg?v=1723045158 | H11: https://cdn.shopify.com/s/files/1/0575/0797/1253/files/8-6-1.pdf?v=1723206889 | I11: // | K11: 311 | L11: 185 | M11: 136 | N11: 111 | O11: 94 | P11: 94 | Q11: 77 | R11: 77 | S11: 77 | T11: 68 | U11: 0 | V11: 12982 | W11: Stahl | X11: St 12.03 | Y11: DC 01 | Z11: 8 g/cm³ | AA11: 67,00 % | AB11: 8,25 Kg | AC11: 791 | AF11: Ohne besondere Oberflächenbearbeitung.
A12: streckmetall-tafelware-20x10x2 | B12: Streckgitter | C12: 20x10x2 | D12: Aluminium | E12: 1,00 mm | F12: Kleinformat (1000 x 2000 mm) | G12: https://cdn.shopify.com/s/files/1/0575/0797/1253/files/Streckmetall_Raute_20x10x2.jpg?v=1723045158 | H12: https://cdn.shopify.com/s/files/1/0575/0797/1253/files/20-10-2.pdf?v=1723206888 | I12: // | J12: (ohne Folie) | K12: 133 | L12: 113 | M12: 98 | N12: 81 | O12: 73 | P12: 73 | Q12: 56 | R12: 56 | S12: 56 | T12: 48 | U12: 0 | V12: 13036 | W12: Aluminium ohne Folie | X12: Al 99,5 % hh | Y12: EN AW-1050A H24 | Z12: 2,7 g/cm³ | AA12: 60,00 % | AB12: 2,16 Kg | AC12: 791 | AF12: Ohne besondere Oberflächenbearbeitung.
A13: =VLOOKUP(V13,SVERWEIS!A:B,2,FALSE) -> streckmetall-tafelware-20x10x2 | B13: Streckgitter | C13: 20x10x2 | D13: Aluminium | E13: 1,00 mm | F13: Mittelformat (1250 x 2500 mm) | G13: https://cdn.shopify.com/s/files/1/0575/0797/1253/files/Streckmetall_Raute_20x10x2.jpg?v=1723045158 | H13: https://cdn.shopify.com/s/files/1/0575/0797/1253/files/20-10-2.pdf?v=1723206888 | I13: // | J13: (ohne Folie) | K13: 209 | L13: 154 | M13: 128 | N13: 115 | O13: 89 | P13: 89 | Q13: 76 | R13: 76 | S13: 76 | T13: 68 | U13: 0 | V13: 13039 | W13: Aluminium ohne Folie | X13: Al 99,5 % hh | Y13: EN AW-1050A H24 | Z13: 2,7 g/cm³ | AA13: 60,00 % | AB13: 3,38 Kg | AC13: 791 | AF13: Ohne besondere Oberflächenbearbeitung.
A14: streckmetall-tafelware-20x10x2 | B14: Streckgitter | C14: 20x10x2 | D14: Edelstahl (V2A) | E14: 1,00 mm | F14: Kleinformat (1000 x 2000 mm) | G14: https://cdn.shopify.com/s/files/1/0575/0797/1253/files/Streckmetall_Raute_20x10x2.jpg?v=1723045158 | H14: https://cdn.shopify.com/s/files/1/0575/0797/1253/files/20-10-2.pdf?v=1723206888 | I14: // | J14: (ohne Folie) | K14: 172 | L14: 155 | M14: 138 | N14: 128 | O14: 116 | P14: 116 | Q14: 106 | R14: 106 | S14: 106 | T14: 93 | U14: 0 | V14: 13045 | W14: Edelstahl (V2A) | X14: 1.4301 | Y14: X5CrNi18-10 | Z14: 8 g/cm³ | AA14: 60,00 % | AB14: 6,40 Kg | AC14: 791 | AF14: Ohne besondere Oberflächenbearbeitung.
A15: streckmetall-tafelware-20x10x2 | B15: Streckgitter | C15: 20x10x2 | D15: Stahl (verzinkt) | E15: 1,00 mm | F15: Kleinformat (1000 x 2000 mm) | G15: https://cdn.shopify.com/s/files/1/0575/0797/1253/files/Streckmetall_Raute_20x10x2.jpg?v=1723045158 | H15: https://cdn.shopify.com/s/files/1/0575/0797/1253/files/20-10-2.pdf?v=1723206888 | I15: // | K15: 101 | L15: 87 | M15: 75 | N15: 63 | O15: 55 | P15: 55 | Q15: 48 | R15: 48 | S15: 48 | T15: 40 | U15: 0 | V15: 13030 | W15: Sendzimir (verzinkt) | X15: St 02 Z 140 | Y15: DX51D+Z 140 | Z15: 8 g/cm³ | AA15: 60,00 % | AB15: 6,40 Kg | AC15: 791 | AF15: Wir weisen darauf hin, dass diese Zinkauflage im Außenbereich keinen ausreichenden und dauerhaften Korrosionsschutz gewährt.
A16: streckmetall-tafelware-20x10x2 | B16: Streckgitter | C16: 20x10x2 | D16: Stahl | E16: 1,00 mm | F16: Kleinformat (1000 x 2000 mm) | G16: https://cdn.shopify.com/s/files/1/0575/0797/1253/files/Streckmetall_Raute_20x10x2.jpg?v=1723045158 | H16: https://cdn.shopify.com/s/files/1/0575/0797/1253/files/20-10-2.pdf?v=1723206888 | I16: // | K16: 99 | L16: 85 | M16: 73 | N16: 61 | O16: 53 | P16: 53 | Q16: 46 | R16: 46 | S16: 46 | T16: 40 | U16: 0 | V16: 13022 | W16: Stahl | X16: StW 22 | Y16: DD 11 | Z16: 8 g/cm³ | AA16: 60,00 % | AB16: 6,40 Kg | AC16: 791 | AF16: Ohne besondere Oberflächenbearbeitung.
A17: =VLOOKUP(V17,SVERWEIS!A:B,2,FALSE) -> streckmetall-tafelware-20x10x2 | B17: Streckgitter | C17: 20x10x2 | D17: Stahl | E17: 1,00 mm | F17: Mittelformat (1250 x 2500 mm) | G17: https://cdn.shopify.com/s/files/1/0575/0797/1253/files/Streckmetall_Raute_20x10x2.jpg?v=1723045158 | H17: https://cdn.shopify.com/s/files/1/0575/0797/1253/files/20-10-2.pdf?v=1723206888 | I17: // | K17: 155 | L17: 115 | M17: 96 | N17: 84 | O17: 73 | P17: 73 | Q17: 62 | R17: 62 | S17: 62 | T17: 54 | U17: 0 | V17: 13025 | W17: Stahl | X17: StW 22 | Y17: DD 11 | Z17: 8 g/cm³ | AA17: 60,00 % | AB17: 10,00 Kg | AC17: 791 | AF17: Ohne besondere Oberflächenbearbeitung.
A18: =VLOOKUP(V18,SVERWEIS!A:B,2,FALSE) -> streckmetall-tafelware-20x10x2 | B18: Streckgitter | C18: 20x10x2 | D18: Stahl | E18: 1,00 mm | F18: Großformat (1500 x 3000 mm) | G18: https://cdn.shopify.com/s/files/1/0575/0797/1253/files/Streckmetall_Raute_20x10x2.jpg?v=1723045158 | H18: https://cdn.shopify.com/s/files/1/0575/0797/1253/files/20-10-2.pdf?v=1723206888 | I18: // | K18: 193 | L18: 140 | M18: 121 | N18: 106 | O18: 91 | P18: 91 | Q18: 78 | R18: 78 | S18: 78 | T18: 67 | U18: 0 | V18: 13028 | W18: Stahl | X18: StW 22 | Y18: DD 11 | Z18: 8 g/cm³ | AA18: 60,00 % | AB18: 14,40 Kg | AC18: 791 | AF18: Ohne besondere Oberflächenbearbeitung.
A19: streckmetall-tafelware-28x13x2 | B19: Streckgitter | C19: 28x13x2 | D19: Aluminium | E19: 2,00 mm | F19: Kleinformat (1000 x 2000 mm) | G19: https://cdn.shopify.com/s/files/1/0575/0797/1253/files/Streckmetall_Raute_28x13x2_jpg.jpg?v=1723045158 | H19: https://cdn.shopify.com/s/files/1/0575/0797/1253/files/28-13-2.pdf?v=1723206888 | I19: // | J19: (ohne Folie) | K19: 277 | L19: 185 | M19: 162 | N19: 133 | O19: 122 | P19: 122 | Q19: 100 | R19: 100 | S19: 100 | T19: 89 | U19: 0 | V19: 13141 | W19: Aluminium ohne Folie | X19: Al 99,5 % hh | Y19: EN AW-1050A H24 | Z19: 2,7 g/cm³ | AA19: 69,00 % | AB19: 3,35 Kg | AC19: 791 | AF19: Ohne besondere Oberflächenbearbeitung.
A20: =VLOOKUP(V20,SVERWEIS!A:B,2,FALSE) -> streckmetall-tafelware-28x13x2 | B20: Streckgitter | C20: 28x13x2 | D20: Aluminium | E20: 2,00 mm | F20: Mittelformat (1250 x 2500 mm) | G20: https://cdn.shopify.com/s/files/1/0575/0797/1253/files/Streckmetall_Raute_28x13x2_jpg.jpg?v=1723045158 | H20: https://cdn.shopify.com/s/files/1/0575/0797/1253/files/28-13-2.pdf?v=1723206888 | I20: // | J20: (ohne Folie) | K20: 433 | L20: 254 | M20: 209 | N20: 189 | O20: 157 | P20: 157 | Q20: 139 | R20: 139 | S20: 139 | T20: 119 | U20: 0 | V20: 13124 | W20: Aluminium ohne Folie | X20: Al 99,5 % hh | Y20: EN AW-1050A H24 | Z20: 2,7 g/cm³ | AA20: 69,00 % | AB20: 5,23 Kg | AC20: 791 | AF20: Ohne besondere Oberflächenbearbeitung.
A21: =VLOOKUP(V21,SVERWEIS!A:B,2,FALSE) -> streckmetall-tafelware-28x13x2 | B21: Streckgitter | C21: 28x13x2 | D21: Aluminium | E21: 2,00 mm | F21: Großformat (1500 x 3000 mm) | G21: https://cdn.shopify.com/s/files/1/0575/0797/1253/files/Streckmetall_Raute_28x13x2_jpg.jpg?v=1723045158 | H21: https://cdn.shopify.com/s/files/1/0575/0797/1253/files/28-13-2.pdf?v=1723206888 | I21: // | J21: (ohne Folie) | K21: 467 | L21: 302 | M21: 274 | N21: 226 | O21: 202 | P21: 202 | Q21: 173 | R21: 173 | S21: 173 | T21: 142 | U21: 0 | V21: 13127 | W21: Aluminium ohne Folie | X21: Al 99,5 % hh | Y21: EN AW-1050A H24 | Z21: 2,7 g/cm³ | AA21: 69,00 % | AB21: 7,53 Kg | AC21: 791 | AF21: Ohne besondere Oberflächenbearbeitung.
A22: streckmetall-tafelware-28x13x2 | B22: Streckgitter | C22: 28x13x2 | D22: Edelstahl (V2A) | E22: 1,00 mm | F22: Kleinformat (1000 x 2000 mm) | G22: https://cdn.shopify.com/s/files/1/0575/0797/1253/files/Streckmetall_Raute_28x13x2_jpg.jpg?v=1723045158 | H22: https://cdn.shopify.com/s/files/1/0575/0797/1253/files/28-13-2.pdf?v=1723206888 | I22: // | J22: (ohne Folie) | K22: 252 | L22: 206 | M22: 173 | N22: 144 | O22: 126 | P22: 126 | Q22: 112 | R22: 112 | S22: 112 | T22: 98 | U22: 0 | V22: 13128 | W22: Edelstahl (V2A) | X22: 1.4301 | Y22: X5CrNi18-10 | Z22: 8 g/cm³ | AA22: 69,00 % | AB22: 4,96 Kg | AC22: 791 | AF22: Ohne besondere Oberflächenbearbeitung.
A23: streckmetall-tafelware-28x13x2 | B23: Streckgitter | C23: 28x13x2 | D23: Edelstahl (V2A) | E23: 1,50 mm | F23: Kleinformat (1000 x 2000 mm) | G23: https://cdn.shopify.com/s/files/1/0575/0797/1253/files/Streckmetall_Raute_28x13x2_jpg.jpg?v=1723045158 | H23: https://cdn.shopify.com/s/files/1/0575/0797/1253/files/28-13-2.pdf?v=1723206888 | I23: // | J23: (ohne Folie) | K23: 273 | L23: 232 | M23: 198 | N23: 170 | O23: 152 | P23: 152 | Q23: 137 | R23: 137 | S23: 137 | T23: 121 | U23: 0 | V23: 5104 | W23: Edelstahl (V2A) | X23: 1.4301 | Y23: X5CrNi18-10 | Z23: 8 g/cm³ | AA23: 69,00 % | AB23: 7,44 Kg | AC23: 791 | AF23: Ohne besondere Oberflächenbearbeitung.
A24: streckmetall-tafelware-28x13x2 | B24: Streckgitter | C24: 28x13x2 | D24: Stahl | E24: 1,50 mm | F24: Kleinformat (1000 x 2000 mm) | G24: https://cdn.shopify.com/s/files/1/0575/0797/1253/files/Streckmetall_Raute_28x13x2_jpg.jpg?v=1723045158 | H24: https://cdn.shopify.com/s/files/1/0575/0797/1253/files/28-13-2.pdf?v=1723206888 | I24: // | K24: 114 | L24: 102 | M24: 92 | N24: 73 | O24: 63 | P24: 63 | Q24: 56 | R24: 56 | S24: 56 | T24: 52 | U24: 0 | V24: 13122 | W24: Stahl | X24: StW 22 | Y24: DD 11 | Z24: 8 g/cm³ | AA24: 69,00 % | AB24: 7,44 Kg | AC24: 791 | AF24: Ohne besondere Oberflächenbearbeitung.
A25: streckmetall-tafelware-28x13x2 | B25: Streckgitter | C25: 28x13x2 | D25: Stahl | E25: 2,00 mm | F25: Kleinformat (1000 x 2000 mm) | G25: https://cdn.shopify.com/s/files/1/0575/0797/1253/files/Streckmetall_Raute_28x13x2_jpg.jpg?v=1723045158 | H25: https://cdn.shopify.com/s/files/1/0575/0797/1253/files/28-13-2.pdf?v=1723206888 | I25: // | K25: 121 | L25: 109 | M25: 98 | N25: 79 | O25: 70 | P25: 70 | Q25: 63 | R25: 63 | S25: 63 | T25: 58 | U25: 0 | V25: 13123 | W25: Stahl | X25: StW 22 | Y25: DD 11 | Z25: 8 g/cm³ | AA25: 69,00 % | AB25: 9,92 Kg | AC25: 791 | AF25: Ohne besondere Oberflächenbearbeitung.
A26: =VLOOKUP(V26,SVERWEIS!A:B,2,FALSE) -> streckmetall-tafelware-28x13x2 | B26: Streckgitter | C26: 28x13x2 | D26: Stahl | E26: 2,00 mm | F26: Mittelformat (1250 x 2500 mm) | G26: https://cdn.shopify.com/s/files/1/0575/0797/1253/files/Streckmetall_Raute_28x13x2_jpg.jpg?v=1723045158 | H26: https://cdn.shopify.com/s/files/1/0575/0797/1253/files/28-13-2.pdf?v=1723206888 | I26: // | K26: 190 | L26: 155 | M26: 124 | N26: 110 | O26: 99 | P26: 99 | Q26: 92 | R26: 92 | S26: 92 | T26: 77 | U26: 0 | V26: 13131 | W26: Stahl | X26: StW 22 | Y26: DD 11 | Z26: 8 g/cm³ | AA26: 69,00 % | AB26: 15,50 Kg | AC26: 791 | AF26: Ohne besondere Oberflächenbearbeitung.
A27: =VLOOKUP(V27,SVERWEIS!A:B,2,FALSE) -> streckmetall-tafelware-28x13x2 | B27: Streckgitter | C27: 28x13x2 | D27: Stahl | E27: 2,00 mm | F27: Großformat (1500 x 3000 mm) | G27: https://cdn.shopify.com/s/files/1/0575/0797/1253/files/Streckmetall_Raute_28x13x2_jpg.jpg?v=1723045158 | H27: https://cdn.shopify.com/s/files/1/0575/0797/1253/files/28-13-2.pdf?v=1723206888 | I27: // | K27: 246 | L27: 180 | M27: 159 | N27: 143 | O27: 133 | P27: 133 | Q27: 111 | R27: 111 | S27: 111 | T27: 90 | U27: 0 | V27: 13144 | W27: Stahl | X27: StW 22 | Y27: DD 11 | Z27: 8 g/cm³ | AA27: 69,00 % | AB27: 22,32 Kg | AC27: 791 | AF27: Ohne besondere Oberflächenbearbeitung.
A28: streckmetall-tafelware-43x10x2-5 | B28: Streckgitter | C28: 43x10x2,5 | D28: Aluminium | E28: 2,00 mm | F28: Kleinformat (1000 x 2000 mm) | G28: https://cdn.shopify.com/s/files/1/0575/0797/1253/files/Streckmetall_Raute_43x10x2_5.jpg?v=1723207955 | H28: https://cdn.shopify.com/s/files/1/0575/0797/1253/files/43-10-2_5.pdf?v=1723206887 | I28: // | J28: (ohne Folie) | K28: 280 | L28: 187 | M28: 165 | N28: 136 | O28: 123 | P28: 123 | Q28: 102 | R28: 102 | S28: 102 | T28: 91 | U28: 0 | V28: 13244 | W28: Aluminium ohne Folie | X28: Al 99,5 % hh | Y28: EN AW-1050A H24 | Z28: 2,7 g/cm³ | AA28: 50,00 % | AB28: 5,40 Kg | AC28: 791 | AF28: Ohne besondere Oberflächenbearbeitung.
A29: =VLOOKUP(V29,SVERWEIS!A:B,2,FALSE) -> streckmetall-tafelware-43x10x2-5 | B29: Streckgitter | C29: 43x10x2,5 | D29: Aluminium | E29: 2,00 mm | F29: Mittelformat (1250 x 2500 mm) | G29: https://cdn.shopify.com/s/files/1/0575/0797/1253/files/Streckmetall_Raute_43x10x2_5.jpg?v=1723207955 | H29: https://cdn.shopify.com/s/files/1/0575/0797/1253/files/43-10-2_5.pdf?v=1723206887 | I29: // | J29: (ohne Folie) | K29: 437 | L29: 285 | M29: 213 | N29: 194 | O29: 161 | P29: 161 | Q29: 144 | R29: 144 | S29: 144 | T29: 124 | U29: 0 | V29: 13227 | W29: Aluminium ohne Folie | X29: Al 99,5 % hh | Y29: EN AW-1050A H24 | Z29: 2,7 g/cm³ | AA29: 50,00 % | AB29: 8,44 Kg | AC29: 791 | AF29: Ohne besondere Oberflächenbearbeitung.
A30: =VLOOKUP(V30,SVERWEIS!A:B,2,FALSE) -> streckmetall-tafelware-43x10x2-5 | B30: Streckgitter | C30: 43x10x2,5 | D30: Aluminium | E30: 2,00 mm | F30: Großformat (1500 x 3000 mm) | G30: https://cdn.shopify.com/s/files/1/0575/0797/1253/files/Streckmetall_Raute_43x10x2_5.jpg?v=1723207955 | H30: https://cdn.shopify.com/s/files/1/0575/0797/1253/files/43-10-2_5.pdf?v=1723206887 | I30: // | J30: (ohne Folie) | K30: 470 | L30: 308 | M30: 280 | N30: 232 | O30: 208 | P30: 208 | Q30: 179 | R30: 179 | S30: 179 | T30: 149 | U30: 0 | V30: 13230 | W30: Aluminium ohne Folie | X30: Al 99,5 % hh | Y30: EN AW-1050A H24 | Z30: 2,7 g/cm³ | AA30: 50,00 % | AB30: 12,15 Kg | AC30: 791 | AF30: Ohne besondere Oberflächenbearbeitung.
A31: streckmetall-tafelware-43x10x2-5 | B31: Streckgitter | C31: 43x10x2,5 | D31: Edelstahl (V2A) | E31: 1,00 mm | F31: Kleinformat (1000 x 2000 mm) | G31: https://cdn.shopify.com/s/files/1/0575/0797/1253/files/Streckmetall_Raute_43x10x2_5.jpg?v=1723207955 | H31: https://cdn.shopify.com/s/files/1/0575/0797/1253/files/43-10-2_5.pdf?v=1723206887 | I31: // | J31: (ohne Folie) | K31: 256 | L31: 210 | M31: 176 | N31: 148 | O31: 130 | P31: 130 | Q31: 115 | R31: 115 | S31: 115 | T31: 101 | U31: 0 | V31: 13231 | W31: Edelstahl (V2A) | X31: 1.4301 | Y31: X5CrNi18-10 | Z31: 8 g/cm³ | AA31: 50,00 % | AB31: 8,00 Kg | AC31: 791 | AF31: Ohne besondere Oberflächenbearbeitung.
A32: streckmetall-tafelware-43x10x2-5 | B32: Streckgitter | C32: 43x10x2,5 | D32: Edelstahl (V2A) | E32: 1,50 mm | F32: Kleinformat (1000 x 2000 mm) | G32: https://cdn.shopify.com/s/files/1/0575/0797/1253/files/Streckmetall_Raute_43x10x2_5.jpg?v=1723207955 | H32: https://cdn.shopify.com/s/files/1/0575/0797/1253/files/43-10-2_5.pdf?v=1723206887 | I32: // | J32: (ohne Folie) | K32: 283 | L32: 237 | M32: 203 | N32: 175 | O32: 157 | P32: 157 | Q32: 143 | R32: 143 | S32: 143 | T32: 126 | U32: 0 | V32: 13223 | W32: Edelstahl (V2A) | X32: 1.4301 | Y32: X5CrNi18-10 | Z32: 8 g/cm³ | AA32: 50,00 % | AB32: 12,00 Kg | AC32: 791 | AF32: Ohne besondere Oberflächenbearbeitung.
A33: streckmetall-tafelware-43x10x2-5 | B33: Streckgitter | C33: 43x10x2,5 | D33: Stahl (verzinkt) | E33: 1,50 mm | F33: Kleinformat (1000 x 2000 mm) | G33: https://cdn.shopify.com/s/files/1/0575/0797/1253/files/Streckmetall_Raute_43x10x2_5.jpg?v=1723207955 | H33: https://cdn.shopify.com/s/files/1/0575/0797/1253/files/43-10-2_5.pdf?v=1723206887 | I33: // | K33: 220 | L33: 146 | M33: 125 | N33: 103 | O33: 86 | P33: 86 | Q33: 75 | R33: 75 | S33: 75 | T33: 66 | U33: 0 | V33: 13243 | W33: Sendzimir (verzinkt) | X33: St 02 Z 140 | Y33: DX51D+Z 140 | Z33: 8 g/cm³ | AA33: 50,00 % | AB33: 12,00 Kg | AC33: 791 | AF33: Wir weisen darauf hin, dass diese Zinkauflage im Außenbereich keinen ausreichenden und dauerhaften Korrosionsschutz gewährt.
A34: =VLOOKUP(V34,SVERWEIS!A:B,2,FALSE) -> streckmetall-tafelware-43x10x2-5 | B34: Streckgitter | C34: 43x10x2,5 | D34: Stahl (verzinkt) | E34: 1,50 mm | F34: Mittelformat (1250 x 2500 mm) | G34: https://cdn.shopify.com/s/files/1/0575/0797/1253/files/Streckmetall_Raute_43x10x2_5.jpg?v=1723207955 | H34: https://cdn.shopify.com/s/files/1/0575/0797/1253/files/43-10-2_5.pdf?v=1723206887 | I34: // | K34: 351 | L34: 201 | M34: 166 | N34: 139.5 | O34: 121 | P34: 121 | Q34: 106 | R34: 106 | S34: 106 | T34: 93 | U34: 0 | V34: 13240 | W34: Sendzimir (verzinkt) | X34: St 02 Z 140 | Y34: DX51D+Z 140 | Z34: 8 g/cm³ | AA34: 50,00 % | AB34: 18,75 Kg | AC34: 791 | AF34: Wir weisen darauf hin, dass diese Zinkauflage im Außenbereich keinen ausreichenden und dauerhaften Korrosionsschutz gewährt.
A35: streckmetall-tafelware-43x10x2-5 | B35: Streckgitter | C35: 43x10x2,5 | D35: Stahl | E35: 2,00 mm | F35: Kleinformat (1000 x 2000 mm) | G35: https://cdn.shopify.com/s/files/1/0575/0797/1253/files/Streckmetall_Raute_43x10x2_5.jpg?v=1723207955 | H35: https://cdn.shopify.com/s/files/1/0575/0797/1253/files/43-10-2_5.pdf?v=1723206887 | I35: // | K35: 123 | L35: 111 | M35: 101 | N35: 81 | O35: 72 | P35: 72 | Q35: 68 | R35: 68 | S35: 68 | T35: 60 | U35: 0 | V35: 13226 | W35: Stahl | X35: StW 22 | Y35: DD 11 | Z35: 8 g/cm³ | AA35: 50,00 % | AB35: 16,00 Kg | AC35: 791 | AF35: Ohne besondere Oberflächenbearbeitung.
A36: =VLOOKUP(V36,SVERWEIS!A:B,2,FALSE) -> streckmetall-tafelware-43x10x2-5 | B36: Streckgitter | C36: 43x10x2,5 | D36: Stahl | E36: 2,00 mm | F36: Mittelformat (1250 x 2500 mm) | G36: https://cdn.shopify.com/s/files/1/0575/0797/1253/files/Streckmetall_Raute_43x10x2_5.jpg?v=1723207955 | H36: https://cdn.shopify.com/s/files/1/0575/0797/1253/files/43-10-2_5.pdf?v=1723206887 | I36: // | K36: 193 | L36: 158 | M36: 128 | N36: 113 | O36: 102 | P36: 102 | Q36: 95 | R36: 95 | S36: 95 | T36: 80 | U36: 0 | V36: 13234 | W36: Stahl | X36: StW 22 | Y36: DD 11 | Z36: 8 g/cm³ | AA36: 50,00 % | AB36: 25,00 Kg | AC36: 791 | AF36: Ohne besondere Oberflächenbearbeitung.
A37: streckmetall-tafelware-62x20x7-5 | B37: Streckgitter | C37: 62x20x7,5 | D37: Aluminium | E37: 2,00 mm | F37: Kleinformat (1000 x 2000 mm) | G37: https://cdn.shopify.com/s/files/1/0575/0797/1253/files/Streckmetall_Raute_62x20x7_5.jpg?v=1723045158 | H37: https://cdn.shopify.com/s/files/1/0575/0797/1253/files/62-20-7_5.pdf?v=1723206888 | I37: // | J37: (ohne Folie) | K37: 287 | L37: 195 | M37: 173 | N37: 144 | O37: 131 | P37: 131 | Q37: 110 | R37: 110 | S37: 110 | T37: 99 | U37: 0 | V37: 14039 | W37: Aluminium ohne Folie | X37: Al 99,5 % hh | Y37: EN AW-1050A H24 | Z37: 2,7 g/cm³ | AA37: 25,00 % | AB37: 8,10 Kg | AC37: 791 | AF37: Ohne besondere Oberflächenbearbeitung.
A38: =VLOOKUP(V38,SVERWEIS!A:B,2,FALSE) -> streckmetall-tafelware-62x20x7-5 | B38: Streckgitter | C38: 62x20x7,5 | D38: Aluminium | E38: 2,00 mm | F38: Mittelformat (1250 x 2500 mm) | G38: https://cdn.shopify.com/s/files/1/0575/0797/1253/files/Streckmetall_Raute_62x20x7_5.jpg?v=1723045158 | H38: https://cdn.shopify.com/s/files/1/0575/0797/1253/files/62-20-7_5.pdf?v=1723206888 | I38: // | J38: (ohne Folie) | K38: 450 | L38: 271 | M38: 225 | N38: 206 | O38: 173 | P38: 173 | Q38: 156 | R38: 156 | S38: 156 | T38: 136 | U38: 0 | V38: 14038 | W38: Aluminium ohne Folie | X38: Al 99,5 % hh | Y38: EN AW-1050A H24 | Z38: 2,7 g/cm³ | AA38: 25,00 % | AB38: 12,66 Kg | AC38: 791 | AF38: Ohne besondere Oberflächenbearbeitung.
A39: =VLOOKUP(V39,SVERWEIS!A:B,2,FALSE) -> streckmetall-tafelware-62x20x7-5 | B39: Streckgitter | C39: 62x20x7,5 | D39: Aluminium | E39: 2,00 mm | F39: Großformat (1500 x 3000 mm) | G39: https://cdn.shopify.com/s/files/1/0575/0797/1253/files/Streckmetall_Raute_62x20x7_5.jpg?v=1723045158 | H39: https://cdn.shopify.com/s/files/1/0575/0797/1253/files/62-20-7_5.pdf?v=1723206888 | I39: // | J39: (ohne Folie) | K39: 489 | L39: 326 | M39: 298 | N39: 250 | O39: 226 | P39: 226 | Q39: 197 | R39: 197 | S39: 197 | T39: 166 | U39: 0 | V39: 14037 | W39: Aluminium ohne Folie | X39: Al 99,5 % hh | Y39: EN AW-1050A H24 | Z39: 2,7 g/cm³ | AA39: 25,00 % | AB39: 18,23 Kg | AC39: 791 | AF39: Ohne besondere Oberflächenbearbeitung.
A40: streckmetall-tafelware-62x20x7-5 | B40: Streckgitter | C40: 62x20x7,5 | D40: Stahl (verzinkt) | E40: 1,50 mm | F40: Kleinformat (1000 x 2000 mm) | G40: https://cdn.shopify.com/s/files/1/0575/0797/1253/files/Streckmetall_Raute_62x20x7_5.jpg?v=1723045158 | H40: https://cdn.shopify.com/s/files/1/0575/0797/1253/files/62-20-7_5.pdf?v=1723206888 | I40: // | K40: 225 | L40: 151 | M40: 130 | N40: 108 | O40: 92 | P40: 92 | Q40: 80 | R40: 80 | S40: 80 | T40: 71 | U40: 0 | V40: 14050 | W40: Sendzimir (verzinkt) | X40: St 02 Z 140 | Y40: DX51D+Z 140 | Z40: 8 g/cm³ | AA40: 25,00 % | AB40: 18,00 Kg | AC40: 791 | AF40: Wir weisen darauf hin, dass diese Zinkauflage im Außenbereich keinen ausreichenden und dauerhaften Korrosionsschutz gewährt.
A41: =VLOOKUP(V41,SVERWEIS!A:B,2,FALSE) -> streckmetall-tafelware-62x20x7-5 | B41: Streckgitter | C41: 62x20x7,5 | D41: Stahl (verzinkt) | E41: 1,50 mm | F41: Mittelformat (1250 x 2500 mm) | G41: https://cdn.shopify.com/s/files/1/0575/0797/1253/files/Streckmetall_Raute_62x20x7_5.jpg?v=1723045158 | H41: https://cdn.shopify.com/s/files/1/0575/0797/1253/files/62-20-7_5.pdf?v=1723206888 | I41: // | K41: 352 | L41: 204 | M41: 170 | N41: 144 | O41: 126 | P41: 126 | Q41: 112 | R41: 112 | S41: 112 | T41: 99 | U41: 0 | V41: 14051 | W41: Sendzimir (verzinkt) | X41: St 02 Z 140 | Y41: DX51D+Z 140 | Z41: 8 g/cm³ | AA41: 25,00 % | AB41: 28,13 Kg | AC41: 791 | AF41: Wir weisen darauf hin, dass diese Zinkauflage im Außenbereich keinen ausreichenden und dauerhaften Korrosionsschutz gewährt.
A42: =VLOOKUP(V42,SVERWEIS!A:B,2,FALSE) -> streckmetall-tafelware-62x20x7-5 | B42: Streckgitter | C42: 62x20x7,5 | D42: Stahl (verzinkt) | E42: 1,50 mm | F42: Großformat (1500 x 3000 mm) | G42: https://cdn.shopify.com/s/files/1/0575/0797/1253/files/Streckmetall_Raute_62x20x7_5.jpg?v=1723045158 | H42: https://cdn.shopify.com/s/files/1/0575/0797/1253/files/62-20-7_5.pdf?v=1723206888 | I42: // | K42: 389 | L42: 246 | M42: 208 | N42: 183 | O42: 162 | P42: 162 | Q42: 143 | R42: 143 | S42: 143 | T42: 122 | U42: 0 | V42: 14043 | W42: Sendzimir (verzinkt) | X42: St 02 Z 140 | Y42: DX51D+Z 140 | Z42: 8 g/cm³ | AA42: 25,00 % | AB42: 40,50 Kg | AC42: 791 | AF42: Wir weisen darauf hin, dass diese Zinkauflage im Außenbereich keinen ausreichenden und dauerhaften Korrosionsschutz gewährt.
A43: streckmetall-tafelware-62x20x7-5 | B43: Streckgitter | C43: 62x20x7,5 | D43: Stahl (verzinkt) | E43: 3,00 mm | F43: Kleinformat (1000 x 2000 mm) | G43: https://cdn.shopify.com/s/files/1/0575/0797/1253/files/Streckmetall_Raute_62x20x7_5.jpg?v=1723045158 | H43: https://cdn.shopify.com/s/files/1/0575/0797/1253/files/62-20-7_5.pdf?v=1723206888 | I43: // | K43: 257 | L43: 183 | M43: 162 | N43: 146 | O43: 129 | P43: 129 | Q43: 117 | R43: 117 | S43: 117 | T43: 105 | U43: 0 | V43: 14040 | W43: Sendzimir (verzinkt) | X43: St 02 Z 140 | Y43: DX51D+Z 140 | Z43: 8 g/cm³ | AA43: 25,00 % | AB43: 36,00 Kg | AC43: 791 | AF43: Wir weisen darauf hin, dass diese Zinkauflage im Außenbereich keinen ausreichenden und dauerhaften Korrosionsschutz gewährt.
A44: streckmetall-tafelware-62x20x7-5 | B44: Streckgitter | C44: 62x20x7,5 | D44: Stahl | E44: 2,00 mm | F44: Kleinformat (1000 x 2000 mm) | G44: https://cdn.shopify.com/s/files/1/0575/0797/1253/files/Streckmetall_Raute_62x20x7_5.jpg?v=1723045158 | H44: https://cdn.shopify.com/s/files/1/0575/0797/1253/files/62-20-7_5.pdf?v=1723206888 | I44: // | K44: 230 | L44: 156 | M44: 135 | N44: 114 | O44: 97 | P44: 97 | Q44: 86 | R44: 86 | S44: 86 | T44: 78 | U44: 0 | V44: 1868 | W44: Stahl | X44: StW 22 | Y44: DD 11 | Z44: 8 g/cm³ | AA44: 25,00 % | AB44: 24,00 Kg | AC44: 791 | AF44: Ohne besondere Oberflächenbearbeitung.
A45: =VLOOKUP(V45,SVERWEIS!A:B,2,FALSE) -> streckmetall-tafelware-62x20x7-5 | B45: Streckgitter | C45: 62x20x7,5 | D45: Stahl | E45: 2,00 mm | F45: Mittelformat (1250 x 2500 mm) | G45: https://cdn.shopify.com/s/files/1/0575/0797/1253/files/Streckmetall_Raute_62x20x7_5.jpg?v=1723045158 | H45: https://cdn.shopify.com/s/files/1/0575/0797/1253/files/62-20-7_5.pdf?v=1723206888 | I45: // | K45: 204 | L45: 169 | M45: 139 | N45: 124 | O45: 113 | P45: 113 | Q45: 106 | R45: 106 | S45: 106 | T45: 91 | U45: 0 | V45: 14045 | W45: Stahl | X45: StW 22 | Y45: DD 11 | Z45: 8 g/cm³ | AA45: 25,00 % | AB45: 37,50 Kg | AC45: 791 | AF45: Ohne besondere Oberflächenbearbeitung.
A46: streckmetall-tafelware-62x20x7-5 | B46: Streckgitter | C46: 62x23x3 | D46: Aluminium | E46: 2,00 mm | F46: Kleinformat (1000 x 2000 mm) | G46: https://cdn.shopify.com/s/files/1/0575/0797/1253/files/Streckmetall_Raute_62x23x3.jpg?v=1723045159 | H46: https://cdn.shopify.com/s/files/1/0575/0797/1253/files/62-23-3.pdf?v=1723206887 | I46: // | J46: (ohne Folie) | K46: 274 | L46: 182 | M46: 159 | N46: 131 | O46: 118 | P46: 118 | Q46: 97 | R46: 97 | S46: 97 | T46: 86 | U46: 0 | V46: 14063 | W46: Aluminium ohne Folie | X46: Al 99,5 % hh | Y46: EN AW-1050A H24 | Z46: 2,7 g/cm³ | AA46: 74,00 % | AB46: 2,81 Kg | AC46: 791 | AF46: Ohne besondere Oberflächenbearbeitung.
A47: =VLOOKUP(V47,SVERWEIS!A:B,2,FALSE) -> streckmetall-tafelware-62x23x3 | B47: Streckgitter | C47: 62x23x3 | D47: Aluminium | E47: 2,00 mm | F47: Mittelformat (1250 x 2500 mm) | G47: https://cdn.shopify.com/s/files/1/0575/0797/1253/files/Streckmetall_Raute_62x23x3.jpg?v=1723045159 | H47: https://cdn.shopify.com/s/files/1/0575/0797/1253/files/62-23-3.pdf?v=1723206887 | I47: // | J47: (ohne Folie) | K47: 429 | L47: 250 | M47: 205 | N47: 185 | O47: 152 | P47: 152 | Q47: 135 | R47: 135 | S47: 135 | T47: 115 | U47: 0 | V47: 14079 | W47: Aluminium ohne Folie | X47: Al 99,5 % hh | Y47: EN AW-1050A H24 | Z47: 2,7 g/cm³ | AA47: 74,00 % | AB47: 4,39 Kg | AC47: 791 | AF47: Ohne besondere Oberflächenbearbeitung.
A48: =VLOOKUP(V48,SVERWEIS!A:B,2,FALSE) -> streckmetall-tafelware-62x23x3 | B48: Streckgitter | C48: 62x23x3 | D48: Aluminium | E48: 2,00 mm | F48: Großformat (1500 x 3000 mm) | G48: https://cdn.shopify.com/s/files/1/0575/0797/1253/files/Streckmetall_Raute_62x23x3.jpg?v=1723045159 | H48: https://cdn.shopify.com/s/files/1/0575/0797/1253/files/62-23-3.pdf?v=1723206887 | I48: // | J48: (ohne Folie) | K48: 459 | L48: 296 | M48: 268 | N48: 220 | O48: 196 | P48: 196 | Q48: 167 | R48: 167 | S48: 167 | T48: 137 | U48: 0 | V48: 14076 | W48: Aluminium ohne Folie | X48: Al 99,5 % hh | Y48: EN AW-1050A H24 | Z48: 2,7 g/cm³ | AA48: 74,00 % | AB48: 6,32 Kg | AC48: 791 | AF48: Ohne besondere Oberflächenbearbeitung.
A49: streckmetall-tafelware-62x23x3 | B49: Streckgitter | C49: 62x23x3 | D49: Edelstahl (V2A) | E49: 1,00 mm | F49: Kleinformat (1000 x 2000 mm) | G49: https://cdn.shopify.com/s/files/1/0575/0797/1253/files/Streckmetall_Raute_62x23x3.jpg?v=1723045159 | H49: https://cdn.shopify.com/s/files/1/0575/0797/1253/files/62-23-3.pdf?v=1723206887 | I49: // | J49: (ohne Folie) | K49: 249 | L49: 206 | M49: 169 | N49: 141 | O49: 123 | P49: 123 | Q49: 109 | R49: 109 | S49: 109 | T49: 95 | U49: 0 | V49: 14092 | W49: Edelstahl (V2A) | X49: 1.4301 | Y49: X5CrNi18-10 | Z49: 8 g/cm³ | AA49: 74,00 % | AB49: 4,16 Kg | AC49: 791 | AF49: Ohne besondere Oberflächenbearbeitung.
A50: streckmetall-tafelware-62x23x3 | B50: Streckgitter | C50: 62x23x3 | D50: Edelstahl (V2A) | E50: 1,50 mm | F50: Kleinformat (1000 x 2000 mm) | G50: https://cdn.shopify.com/s/files/1/0575/0797/1253/files/Streckmetall_Raute_62x23x3.jpg?v=1723045159 | H50: https://cdn.shopify.com/s/files/1/0575/0797/1253/files/62-23-3.pdf?v=1723206887 | I50: // | J50: (ohne Folie) | K50: 273 | L50: 227 | M50: 193 | N50: 165 | O50: 146 | P50: 146 | Q50: 132 | R50: 132 | S50: 132 | T50: 116 | U50: 0 | V50: 14083 | W50: Edelstahl (V2A) | X50: 1.4301 | Y50: X5CrNi18-10 | Z50: 8 g/cm³ | AA50: 74,00 % | AB50: 6,24 Kg | AC50: 791 | AF50: Ohne besondere Oberflächenbearbeitung.
A51: streckmetall-tafelware-62x23x3 | B51: Streckgitter | C51: 62x23x3 | D51: Edelstahl (V2A) | E51: 2,00 mm | F51: Kleinformat (1000 x 2000 mm) | G51: https://cdn.shopify.com/s/files/1/0575/0797/1253/files/Streckmetall_Raute_62x23x3.jpg?v=1723045159 | H51: https://cdn.shopify.com/s/files/1/0575/0797/1253/files/62-23-3.pdf?v=1723206887 | I51: // | J51: (ohne Folie) | K51: 200 | L51: 193 | M51: 174 | N51: 168 | O51: 156 | P51: 156 | Q51: 146 | R51: 146 | S51: 146 | T51: 129 | U51: 0 | V51: 14093 | W51: Edelstahl (V2A) | X51: 1.4301 | Y51: X5CrNi18-10 | Z51: 8 g/cm³ | AA51: 74,00 % | AB51: 8,32 Kg | AC51: 791 | AF51: Ohne besondere Oberflächenbearbeitung.
A52: streckmetall-tafelware-62x23x3 | B52: Streckgitter | C52: 62x23x3 | D52: Stahl (verzinkt) | E52: 1,50 mm | F52: Kleinformat (1000 x 2000 mm) | G52: https://cdn.shopify.com/s/files/1/0575/0797/1253/files/Streckmetall_Raute_62x23x3.jpg?v=1723045159 | H52: https://cdn.shopify.com/s/files/1/0575/0797/1253/files/62-23-3.pdf?v=1723206887 | I52: // | K52: 116 | L52: 104 | M52: 94 | N52: 74 | O52: 65 | P52: 65 | Q52: 58 | R52: 58 | S52: 58 | T52: 54 | U52: 0 | V52: 14064 | W52: Sendzimir (verzinkt) | X52: St 02 Z 140 | Y52: DX51D+Z 140 | Z52: 8 g/cm³ | AA52: 74,00 % | AB52: 6,24 Kg | AC52: 791 | AF52: Wir weisen darauf hin, dass diese Zinkauflage im Außenbereich keinen ausreichenden und dauerhaften Korrosionsschutz gewährt.
A53: =VLOOKUP(V53,SVERWEIS!A:B,2,FALSE) -> streckmetall-tafelware-62x23x3 | B53: Streckgitter | C53: 62x23x3 | D53: Stahl (verzinkt) | E53: 1,50 mm | F53: Mittelformat (1250 x 2500 mm) | G53: https://cdn.shopify.com/s/files/1/0575/0797/1253/files/Streckmetall_Raute_62x23x3.jpg?v=1723045159 | H53: https://cdn.shopify.com/s/files/1/0575/0797/1253/files/62-23-3.pdf?v=1723206887 | I53: // | K53: 338 | L53: 196 | M53: 154 | N53: 130 | O53: 112 | P53: 112 | Q53: 99 | R53: 99 | S53: 99 | T53: 85 | U53: 0 | V53: 14067 | W53: Sendzimir (verzinkt) | X53: St 02 Z 140 | Y53: DX51D+Z 140 | Z53: 8 g/cm³ | AA53: 74,00 % | AB53: 9,75 Kg | AC53: 791 | AF53: Wir weisen darauf hin, dass diese Zinkauflage im Außenbereich keinen ausreichenden und dauerhaften Korrosionsschutz gewährt.
A54: =VLOOKUP(V54,SVERWEIS!A:B,2,FALSE) -> streckmetall-tafelware-62x23x3 | B54: Streckgitter | C54: 62x23x3 | D54: Stahl (verzinkt) | E54: 1,50 mm | F54: Großformat (1500 x 3000 mm) | G54: https://cdn.shopify.com/s/files/1/0575/0797/1253/files/Streckmetall_Raute_62x23x3.jpg?v=1723045159 | H54: https://cdn.shopify.com/s/files/1/0575/0797/1253/files/62-23-3.pdf?v=1723206887 | I54: // | K54: 370 | L54: 226 | M54: 188 | N54: 163 | O54: 143 | P54: 143 | Q54: 123 | R54: 123 | S54: 123 | T54: 102 | U54: 0 | V54: 14085 | W54: Sendzimir (verzinkt) | X54: St 02 Z 140 | Y54: DX51D+Z 140 | Z54: 8 g/cm³ | AA54: 74,00 % | AB54: 14,04 Kg | AC54: 791 | AF54: Wir weisen darauf hin, dass diese Zinkauflage im Außenbereich keinen ausreichenden und dauerhaften Korrosionsschutz gewährt.
A55: streckmetall-tafelware-62x23x3 | B55: Streckgitter | C55: 62x23x3 | D55: Stahl | E55: 2,00 mm | F55: Kleinformat (1000 x 2000 mm) | G55: https://cdn.shopify.com/s/files/1/0575/0797/1253/files/Streckmetall_Raute_62x23x3.jpg?v=1723045159 | H55: https://cdn.shopify.com/s/files/1/0575/0797/1253/files/62-23-3.pdf?v=1723206887 | I55: // | K55: 119 | L55: 106 | M55: 96 | N55: 77 | O55: 67 | P55: 67 | Q55: 60 | R55: 60 | S55: 60 | T55: 56 | U55: 0 | V55: 1867 | W55: Stahl | X55: StW 22 | Y55: DD 11 | Z55: 8 g/cm³ | AA55: 74,00 % | AB55: 8,32 Kg | AC55: 791 | AF55: Ohne besondere Oberflächenbearbeitung.
A56: =VLOOKUP(V56,SVERWEIS!A:B,2,FALSE) -> streckmetall-tafelware-62x23x3 | B56: Streckgitter | C56: 62x23x3 | D56: Stahl | E56: 2,00 mm | F56: Mittelformat (1250 x 2500 mm) | G56: https://cdn.shopify.com/s/files/1/0575/0797/1253/files/Streckmetall_Raute_62x23x3.jpg?v=1723045159 | H56: https://cdn.shopify.com/s/files/1/0575/0797/1253/files/62-23-3.pdf?v=1723206887 | I56: // | K56: 186 | L56: 151 | M56: 120 | N56: 106 | O56: 95 | P56: 95 | Q56: 88 | R56: 88 | S56: 88 | T56: 73 | U56: 0 | V56: 14073 | W56: Stahl | X56: StW 22 | Y56: DD 11 | Z56: 8 g/cm³ | AA56: 74,00 % | AB56: 13,00 Kg | AC56: 791 | AF56: Ohne besondere Oberflächenbearbeitung.
A57: =VLOOKUP(V57,SVERWEIS!A:B,2,FALSE) -> streckmetall-tafelware-62x23x3 | B57: Streckgitter | C57: 62x23x3 | D57: Stahl | E57: 2,00 mm | F57: Großformat (1500 x 3000 mm) | G57: https://cdn.shopify.com/s/files/1/0575/0797/1253/files/Streckmetall_Raute_62x23x3.jpg?v=1723045159 | H57: https://cdn.shopify.com/s/files/1/0575/0797/1253/files/62-23-3.pdf?v=1723206887 | I57: // | K57: 241 | L57: 174 | M57: 153 | N57: 138 | O57: 128 | P57: 128 | Q57: 106 | R57: 106 | S57: 106 | T57: 85 | U57: 0 | V57: 14060 | W57: Stahl | X57: StW 22 | Y57: DD 11 | Z57: 8 g/cm³ | AA57: 74,00 % | AB57: 18,72 Kg | AC57: 791 | AF57: Ohne besondere Oberflächenbearbeitung.
A58: streckmetall-tafelware-62x28x14 | B58: Streckgitter | C58: 62x28x14 | D58: Aluminium | E58: 2,00 mm | F58: Kleinformat (1000 x 2000 mm) | G58: https://cdn.shopify.com/s/files/1/0575/0797/1253/files/Streckmetall_Raute_62x28x14.jpg?v=1723045159 | H58: https://cdn.shopify.com/s/files/1/0575/0797/1253/files/62-28-14.pdf?v=1723206887 | I58: // | J58: (ohne Folie) | K58: 302 | L58: 203 | M58: 180 | N58: 149 | O58: 138 | P58: 138 | Q58: 117 | R58: 117 | S58: 117 | T58: 108 | U58: 0 | V58: 14130 | W58: Aluminium ohne Folie | X58: Al 99,5 % hh | Y58: EN AW-1050A H24 | Z58: 2,7 g/cm³ | AA58: 5,00 % | AB58: 10,26 Kg | AC58: 791 | AF58: Ohne besondere Oberflächenbearbeitung.
A59: =VLOOKUP(V59,SVERWEIS!A:B,2,FALSE) -> streckmetall-tafelware-62x28x14 | B59: Streckgitter | C59: 62x28x14 | D59: Aluminium | E59: 2,00 mm | F59: Mittelformat (1250 x 2500 mm) | G59: https://cdn.shopify.com/s/files/1/0575/0797/1253/files/Streckmetall_Raute_62x28x14.jpg?v=1723045159 | H59: https://cdn.shopify.com/s/files/1/0575/0797/1253/files/62-28-14.pdf?v=1723206887 | I59: // | J59: (ohne Folie) | K59: 473 | L59: 282 | M59: 233 | N59: 216 | O59: 184 | P59: 184 | Q59: 169 | R59: 169 | S59: 169 | T59: 151 | U59: 0 | V59: 14129 | W59: Aluminium ohne Folie | X59: Al 99,5 % hh | Y59: EN AW-1050A H24 | Z59: 2,7 g/cm³ | AA59: 5,00 % | AB59: 16,03 Kg | AC59: 791 | AF59: Ohne besondere Oberflächenbearbeitung.
A60: =VLOOKUP(V60,SVERWEIS!A:B,2,FALSE) -> streckmetall-tafelware-62x28x14 | B60: Streckgitter | C60: 62x28x14 | D60: Aluminium | E60: 2,00 mm | F60: Großformat (1500 x 3000 mm) | G60: https://cdn.shopify.com/s/files/1/0575/0797/1253/files/Streckmetall_Raute_62x28x14.jpg?v=1723045159 | H60: https://cdn.shopify.com/s/files/1/0575/0797/1253/files/62-28-14.pdf?v=1723206887 | I60: // | J60: (ohne Folie) | K60: 507 | L60: 337 | M60: 312 | N60: 266 | O60: 244 | P60: 244 | Q60: 218 | R60: 218 | S60: 218 | T60: 189 | U60: 0 | V60: 14128 | W60: Aluminium ohne Folie | X60: Al 99,5 % hh | Y60: EN AW-1050A H24 | Z60: 2,7 g/cm³ | AA60: 5,00 % | AB60: 23,09 Kg | AC60: 791 | AF60: Ohne besondere Oberflächenbearbeitung.
A61: streckmetall-tafelware-62x28x14 | B61: Streckgitter | C61: 62x28x14 | D61: Stahl (verzinkt) | E61: 1,50 mm | F61: Kleinformat (1000 x 2000 mm) | G61: https://cdn.shopify.com/s/files/1/0575/0797/1253/files/Streckmetall_Raute_62x28x14.jpg?v=1723045159 | H61: https://cdn.shopify.com/s/files/1/0575/0797/1253/files/62-28-14.pdf?v=1723206887 | I61: // | K61: 229 | L61: 155 | M61: 138 | N61: 118 | O61: 103 | P61: 103 | Q61: 91 | R61: 91 | S61: 91 | T61: 80 | U61: 0 | V61: 14139 | W61: Sendzimir (verzinkt) | X61: St 02 Z 140 | Y61: DX51D+Z 140 | Z61: 8 g/cm³ | AA61: 5,00 % | AB61: 22,80 Kg | AC61: 791 | AF61: Wir weisen darauf hin, dass diese Zinkauflage im Außenbereich keinen ausreichenden und dauerhaften Korrosionsschutz gewährt.
A62: =VLOOKUP(V62,SVERWEIS!A:B,2,FALSE) -> streckmetall-tafelware-62x28x14 | B62: Streckgitter | C62: 62x28x14 | D62: Stahl (verzinkt) | E62: 1,50 mm | F62: Mittelformat (1250 x 2500 mm) | G62: https://cdn.shopify.com/s/files/1/0575/0797/1253/files/Streckmetall_Raute_62x28x14.jpg?v=1723045159 | H62: https://cdn.shopify.com/s/files/1/0575/0797/1253/files/62-28-14.pdf?v=1723206887 | I62: // | K62: 359 | L62: 218 | M62: 185 | N62: 161 | O62: 145 | P62: 145 | Q62: 125 | R62: 125 | S62: 125 | T62: 114 | U62: 0 | V62: 14140 | W62: Sendzimir (verzinkt) | X62: St 02 Z 140 | Y62: DX51D+Z 140 | Z62: 8 g/cm³ | AA62: 5,00 % | AB62: 35,63 Kg | AC62: 791 | AF62: Wir weisen darauf hin, dass diese Zinkauflage im Außenbereich keinen ausreichenden und dauerhaften Korrosionsschutz gewährt.
A63: streckmetall-tafelware-62x28x14 | B63: Streckgitter | C63: 62x28x14 | D63: Stahl | E63: 1,50 mm | F63: Kleinformat (1000 x 2000 mm) | G63: https://cdn.shopify.com/s/files/1/0575/0797/1253/files/Streckmetall_Raute_62x28x14.jpg?v=1723045159 | H63: https://cdn.shopify.com/s/files/1/0575/0797/1253/files/62-28-14.pdf?v=1723206887 | I63: // | K63: 226 | L63: 152 | M63: 134 | N63: 115 | O63: 100 | P63: 100 | Q63: 88 | R63: 88 | S63: 88 | T63: 77 | U63: 0 | V63: 14136 | W63: Stahl | X63: StW 22 | Y63: DD 11 | Z63: 8 g/cm³ | AA63: 5,00 % | AB63: 22,80 Kg | AC63: 791 | AF63: Ohne besondere Oberflächenbearbeitung.
A64: =VLOOKUP(V64,SVERWEIS!A:B,2,FALSE) -> streckmetall-tafelware-62x28x14 | B64: Streckgitter | C64: 62x28x14 | D64: Stahl | E64: 1,50 mm | F64: Mittelformat (1250 x 2500 mm) | G64: https://cdn.shopify.com/s/files/1/0575/0797/1253/files/Streckmetall_Raute_62x28x14.jpg?v=1723045159 | H64: https://cdn.shopify.com/s/files/1/0575/0797/1253/files/62-28-14.pdf?v=1723206887 | I64: // | K64: 353 | L64: 210 | M64: 180 | N64: 156 | O64: 138 | P64: 138 | Q64: 120 | R64: 120 | S64: 120 | T64: 109 | U64: 0 | V64: 14137 | W64: Stahl | X64: StW 22 | Y64: DD 11 | Z64: 8 g/cm³ | AA64: 5,00 % | AB64: 35,63 Kg | AC64: 791 | AF64: Ohne besondere Oberflächenbearbeitung.
A65: streckmetall-tafelware-62x28x14 | B65: Streckgitter | C65: 62x28x14 | D65: Stahl | E65: 2,00 mm | F65: Kleinformat (1000 x 2000 mm) | G65: https://cdn.shopify.com/s/files/1/0575/0797/1253/files/Streckmetall_Raute_62x28x14.jpg?v=1723045159 | H65: https://cdn.shopify.com/s/files/1/0575/0797/1253/files/62-28-14.pdf?v=1723206887 | I65: // | K65: 236 | L65: 162 | M65: 144 | N65: 125 | O65: 109 | P65: 109 | Q65: 98 | R65: 98 | S65: 98 | T65: 86 | U65: 0 | V65: 14121 | W65: Stahl | X65: StW 22 | Y65: DD 11 | Z65: 8 g/cm³ | AA65: 5,00 % | AB65: 30,40 Kg | AC65: 791 | AF65: Ohne besondere Oberflächenbearbeitung.
A66: =VLOOKUP(V66,SVERWEIS!A:B,2,FALSE) -> streckmetall-tafelware-62x28x14 | B66: Streckgitter | C66: 62x28x14 | D66: Stahl | E66: 2,00 mm | F66: Mittelformat (1250 x 2500 mm) | G66: https://cdn.shopify.com/s/files/1/0575/0797/1253/files/Streckmetall_Raute_62x28x14.jpg?v=1723045159 | H66: https://cdn.shopify.com/s/files/1/0575/0797/1253/files/62-28-14.pdf?v=1723206887 | I66: // | K66: 369 | L66: 226 | M66: 196 | N66: 172 | O66: 154 | P66: 1154 | Q66: 136 | R66: 136 | S66: 136 | T66: 123 | U66: 0 | V66: 14135 | W66: Stahl | X66: StW 22 | Y66: DD 11 | Z66: 8 g/cm³ | AA66: 5,00 % | AB66: 47,50 Kg | AC66: 791 | AF66: Ohne besondere Oberflächenbearbeitung.
A67: streckmetall-tafelware-76x24x11 | B67: Streckgitter | C67: 76x24x11 | D67: Aluminium | E67: 2,00 mm | F67: Kleinformat (1000 x 2000 mm) | G67: https://cdn.shopify.com/s/files/1/0575/0797/1253/files/Streckmetall_Raute_76x24x11.jpg?v=1723045158 | H67: https://cdn.shopify.com/s/files/1/0575/0797/1253/files/76-24-11.pdf?v=1723206887 | I67: // | J67: (ohne Folie) | K67: 302 | L67: 203 | M67: 180 | N67: 149 | O67: 138 | P67: 138 | Q67: 117 | R67: 117 | S67: 117 | T67: 108 | U67: 0 | V67: 14208 | W67: Aluminium ohne Folie | X67: Al 99,5 % hh | Y67: EN AW-1050A H24 | Z67: 2,7 g/cm³ | AA67: 8,00 % | AB67: 9,94 Kg | AC67: 791 | AF67: Ohne besondere Oberflächenbearbeitung.
A68: =VLOOKUP(V68,SVERWEIS!A:B,2,FALSE) -> streckmetall-tafelware-76x24x11 | B68: Streckgitter | C68: 76x24x11 | D68: Aluminium | E68: 2,00 mm | F68: Mittelformat (1250 x 2500 mm) | G68: https://cdn.shopify.com/s/files/1/0575/0797/1253/files/Streckmetall_Raute_76x24x11.jpg?v=1723045158 | H68: https://cdn.shopify.com/s/files/1/0575/0797/1253/files/76-24-11.pdf?v=1723206887 | I68: // | J68: (ohne Folie) | K68: 473 | L68: 282 | M68: 233 | N68: 216 | O68: 184 | P68: 184 | Q68: 169 | R68: 169 | S68: 169 | T68: 151 | U68: 0 | V68: 14207 | W68: Aluminium ohne Folie | X68: Al 99,5 % hh | Y68: EN AW-1050A H24 | Z68: 2,7 g/cm³ | AA68: 8,00 % | AB68: 15,53 Kg | AC68: 791 | AF68: Ohne besondere Oberflächenbearbeitung.
A69: =VLOOKUP(V69,SVERWEIS!A:B,2,FALSE) -> streckmetall-tafelware-76x24x11 | B69: Streckgitter | C69: 76x24x11 | D69: Aluminium | E69: 2,00 mm | F69: Großformat (1500 x 3000 mm) | G69: https://cdn.shopify.com/s/files/1/0575/0797/1253/files/Streckmetall_Raute_76x24x11.jpg?v=1723045158 | H69: https://cdn.shopify.com/s/files/1/0575/0797/1253/files/76-24-11.pdf?v=1723206887 | I69: // | J69: (ohne Folie) | K69: 507 | L69: 337 | M69: 312 | N69: 266 | O69: 244 | P69: 244 | Q69: 218 | R69: 218 | S69: 218 | T69: 189 | U69: 0 | V69: 14206 | W69: Aluminium ohne Folie | X69: Al 99,5 % hh | Y69: EN AW-1050A H24 | Z69: 2,7 g/cm³ | AA69: 8,00 % | AB69: 22,36 Kg | AC69: 791 | AF69: Ohne besondere Oberflächenbearbeitung.
A70: streckmetall-tafelware-76x24x11 | B70: Streckgitter | C70: 76x24x11 | D70: Aluminium | E70: 3,00 mm | F70: Kleinformat (1000 x 2000 mm) | G70: https://cdn.shopify.com/s/files/1/0575/0797/1253/files/Streckmetall_Raute_76x24x11.jpg?v=1723045158 | H70: https://cdn.shopify.com/s/files/1/0575/0797/1253/files/76-24-11.pdf?v=1723206887 | I70: // | J70: (ohne Folie) | K70: 332 | L70: 234 | M70: 210 | N70: 182 | O70: 171 | P70: 171 | Q70: 147 | R70: 147 | S70: 147 | T70: 137 | U70: 0 | V70: 14205 | W70: Aluminium ohne Folie | X70: Al 99,5 % hh | Y70: EN AW-1050A H24 | Z70: 2,7 g/cm³ | AA70: 8,00 % | AB70: 14,90 Kg | AC70: 791 | AF70: Ohne besondere Oberflächenbearbeitung.
A71: streckmetall-tafelware-76x24x11 | B71: Streckgitter | C71: 76x24x11 | D71: Stahl (verzinkt) | E71: 1,50 mm | F71: Kleinformat (1000 x 2000 mm) | G71: https://cdn.shopify.com/s/files/1/0575/0797/1253/files/Streckmetall_Raute_76x24x11.jpg?v=1723045158 | H71: https://cdn.shopify.com/s/files/1/0575/0797/1253/files/76-24-11.pdf?v=1723206887 | I71: // | K71: 229 | L71: 155 | M71: 137 | N71: 118 | O71: 103 | P71: 103 | Q71: 91 | R71: 91 | S71: 91 | T71: 80 | U71: 0 | V71: 14217 | W71: Sendzimir (verzinkt) | X71: St 02 Z 140 | Y71: DX51D+Z 140 | Z71: 8 g/cm³ | AA71: 8,00 % | AB71: 22,08 Kg | AC71: 791 | AF71: Wir weisen darauf hin, dass diese Zinkauflage im Außenbereich keinen ausreichenden und dauerhaften Korrosionsschutz gewährt.
A72: =VLOOKUP(V72,SVERWEIS!A:B,2,FALSE) -> streckmetall-tafelware-76x24x11 | B72: Streckgitter | C72: 76x24x11 | D72: Stahl (verzinkt) | E72: 1,50 mm | F72: Mittelformat (1250 x 2500 mm) | G72: https://cdn.shopify.com/s/files/1/0575/0797/1253/files/Streckmetall_Raute_76x24x11.jpg?v=1723045158 | H72: https://cdn.shopify.com/s/files/1/0575/0797/1253/files/76-24-11.pdf?v=1723206887 | I72: // | K72: 359 | L72: 216 | M72: 185 | N72: 161 | O72: 144 | P72: 144 | Q72: 125 | R72: 125 | S72: 125 | T72: 114 | U72: 0 | V72: 14218 | W72: Sendzimir (verzinkt) | X72: St 02 Z 140 | Y72: DX51D+Z 140 | Z72: 8 g/cm³ | AA72: 8,00 % | AB72: 34,50 Kg | AC72: 791 | AF72: Wir weisen darauf hin, dass diese Zinkauflage im Außenbereich keinen ausreichenden und dauerhaften Korrosionsschutz gewährt.
A73: streckmetall-tafelware-76x24x11 | B73: Streckgitter | C73: 76x24x11 | D73: Stahl | E73: 1,50 mm | F73: Kleinformat (1000 x 2000 mm) | G73: https://cdn.shopify.com/s/files/1/0575/0797/1253/files/Streckmetall_Raute_76x24x11.jpg?v=1723045158 | H73: https://cdn.shopify.com/s/files/1/0575/0797/1253/files/76-24-11.pdf?v=1723206887 | I73: // | K73: 226 | L73: 152 | M73: 134 | N73: 115 | O73: 100 | P73: 100 | Q73: 88 | R73: 88 | S73: 88 | T73: 77 | U73: 0 | V73: 14214 | W73: Stahl | X73: StW 22 | Y73: DD 11 | Z73: 8 g/cm³ | AA73: 8,00 % | AB73: 22,08 Kg | AC73: 791 | AF73: Ohne besondere Oberflächenbearbeitung.
A74: =VLOOKUP(V74,SVERWEIS!A:B,2,FALSE) -> streckmetall-tafelware-76x24x11 | B74: Streckgitter | C74: 76x24x11 | D74: Stahl | E74: 1,50 mm | F74: Mittelformat (1250 x 2500 mm) | G74: https://cdn.shopify.com/s/files/1/0575/0797/1253/files/Streckmetall_Raute_76x24x11.jpg?v=1723045158 | H74: https://cdn.shopify.com/s/files/1/0575/0797/1253/files/76-24-11.pdf?v=1723206887 | I74: // | K74: 353 | L74: 210 | M74: 180 | N74: 156 | O74: 138 | P74: 138 | Q74: 120 | R74: 120 | S74: 120 | T74: 109 | U74: 0 | V74: 14215 | W74: Stahl | X74: StW 22 | Y74: DD 11 | Z74: 8 g/cm³ | AA74: 8,00 % | AB74: 34,50 Kg | AC74: 791 | AF74: Ohne besondere Oberflächenbearbeitung.
A75: =VLOOKUP(V75,SVERWEIS!A:B,2,FALSE) -> streckmetall-tafelware-76x24x11 | B75: Streckgitter | C75: 76x24x11 | D75: Stahl | E75: 1,50 mm | F75: Großformat (1500 x 3000 mm) | G75: https://cdn.shopify.com/s/files/1/0575/0797/1253/files/Streckmetall_Raute_76x24x11.jpg?v=1723045158 | H75: https://cdn.shopify.com/s/files/1/0575/0797/1253/files/76-24-11.pdf?v=1723206887 | I75: // | K75: 391 | L75: 261 | M75: 226 | N75: 200 | O75: 174 | P75: 174 | Q75: 158 | R75: 158 | S75: 158 | T75: 135 | U75: 0 | V75: 14216 | W75: Stahl | X75: StW 22 | Y75: DD 11 | Z75: 8 g/cm³ | AA75: 8,00 % | AB75: 49,68 Kg | AC75: 791 | AF75: Ohne besondere Oberflächenbearbeitung.
A76: streckmetall-tafelware-76x24x11 | B76: Streckgitter | C76: 76x24x11 | D76: Stahl | E76: 2,00 mm | F76: Kleinformat (1000 x 2000 mm) | G76: https://cdn.shopify.com/s/files/1/0575/0797/1253/files/Streckmetall_Raute_76x24x11.jpg?v=1723045158 | H76: https://cdn.shopify.com/s/files/1/0575/0797/1253/files/76-24-11.pdf?v=1723206887 | I76: // | K76: 236 | L76: 163 | M76: 144 | N76: 125 | O76: 109 | P76: 109 | Q76: 98 | R76: 98 | S76: 98 | T76: 86 | U76: 0 | V76: 14199 | W76: Stahl | X76: StW 22 | Y76: DD 11 | Z76: 8 g/cm³ | AA76: 8,00 % | AB76: 29,44 Kg | AC76: 791 | AF76: Ohne besondere Oberflächenbearbeitung.
A77: =VLOOKUP(V77,SVERWEIS!A:B,2,FALSE) -> streckmetall-tafelware-76x24x11 | B77: Streckgitter | C77: 76x24x11 | D77: Stahl | E77: 2,00 mm | F77: Mittelformat (1250 x 2500 mm) | G77: https://cdn.shopify.com/s/files/1/0575/0797/1253/files/Streckmetall_Raute_76x24x11.jpg?v=1723045158 | H77: https://cdn.shopify.com/s/files/1/0575/0797/1253/files/76-24-11.pdf?v=1723206887 | I77: // | K77: 369 | L77: 226 | M77: 196 | N77: 172 | O77: 156 | P77: 156 | Q77: 136 | R77: 136 | S77: 136 | T77: 123 | U77: 0 | V77: 14213 | W77: Stahl | X77: StW 22 | Y77: DD 11 | Z77: 8 g/cm³ | AA77: 8,00 % | AB77: 46,00 Kg | AC77: 791 | AF77: Ohne besondere Oberflächenbearbeitung.
A78: streckmetall-tafelware-76x35x11 | B78: Streckgitter | C78: 76x35x11 | D78: Aluminium | E78: 2,00 mm | F78: Kleinformat (1000 x 2000 mm) | G78: https://cdn.shopify.com/s/files/1/0575/0797/1253/files/Streckmetall_Raute_76x35x11.jpg?v=1723045158 | H78: https://cdn.shopify.com/s/files/1/0575/0797/1253/files/76-35-11.pdf?v=1723206887 | I78: // | J78: (ohne Folie) | K78: 294 | L78: 195 | M78: 172 | N78: 141 | O78: 130 | P78: 130 | Q78: 109 | R78: 109 | S78: 109 | T78: 100 | U78: 0 | V78: 14263 | W78: Aluminium ohne Folie | X78: Al 99,5 % hh | Y78: EN AW-1050A H24 | Z78: 2,7 g/cm³ | AA78: 37,00 % | AB78: 6,80 Kg | AC78: 791 | AF78: Ohne besondere Oberflächenbearbeitung.
A79: =VLOOKUP(V79,SVERWEIS!A:B,2,FALSE) -> streckmetall-tafelware-76x35x11 | B79: Streckgitter | C79: 76x35x11 | D79: Aluminium | E79: 2,00 mm | F79: Mittelformat (1250 x 2500 mm) | G79: https://cdn.shopify.com/s/files/1/0575/0797/1253/files/Streckmetall_Raute_76x35x11.jpg?v=1723045158 | H79: https://cdn.shopify.com/s/files/1/0575/0797/1253/files/76-35-11.pdf?v=1723206887 | I79: // | J79: (ohne Folie) | K79: 461 | L79: 270 | M79: 221 | N79: 203 | O79: 172 | P79: 172 | Q79: 156 | R79: 156 | S79: 156 | T79: 138 | U79: 0 | V79: 14262 | W79: Aluminium ohne Folie | X79: Al 99,5 % hh | Y79: EN AW-1050A H24 | Z79: 2,7 g/cm³ | AA79: 37,00 % | AB79: 10,63 Kg | AC79: 791 | AF79: Ohne besondere Oberflächenbearbeitung.
A80: =VLOOKUP(V80,SVERWEIS!A:B,2,FALSE) -> streckmetall-tafelware-76x35x11 | B80: Streckgitter | C80: 76x35x11 | D80: Aluminium | E80: 2,00 mm | F80: Großformat (1500 x 3000 mm) | G80: https://cdn.shopify.com/s/files/1/0575/0797/1253/files/Streckmetall_Raute_76x35x11.jpg?v=1723045158 | H80: https://cdn.shopify.com/s/files/1/0575/0797/1253/files/76-35-11.pdf?v=1723206887 | I80: // | J80: (ohne Folie) | K80: 489 | L80: 319 | M80: 194 | N80: 248 | O80: 226 | P80: 226 | Q80: 200 | R80: 200 | S80: 200 | T80: 171 | U80: 0 | V80: 14261 | W80: Aluminium ohne Folie | X80: Al 99,5 % hh | Y80: EN AW-1050A H24 | Z80: 2,7 g/cm³ | AA80: 37,00 % | AB80: 15,31 Kg | AC80: 791 | AF80: Ohne besondere Oberflächenbearbeitung.
A81: streckmetall-tafelware-76x35x11 | B81: Streckgitter | C81: 76x35x11 | D81: Aluminium | E81: 3,00 mm | F81: Kleinformat (1000 x 2000 mm) | G81: https://cdn.shopify.com/s/files/1/0575/0797/1253/files/Streckmetall_Raute_76x35x11.jpg?v=1723045158 | H81: https://cdn.shopify.com/s/files/1/0575/0797/1253/files/76-35-11.pdf?v=1723206887 | I81: // | J81: (ohne Folie) | K81: 320 | L81: 221 | M81: 198 | N81: 170 | O81: 159 | P81: 159 | Q81: 135 | R81: 135 | S81: 135 | T81: 125 | U81: 0 | V81: 14260 | W81: Aluminium ohne Folie | X81: Al 99,5 % hh | Y81: EN AW-1050A H24 | Z81: 2,7 g/cm³ | AA81: 37,00 % | AB81: 10,21 Kg | AC81: 791 | AF81: Ohne besondere Oberflächenbearbeitung.
A82: streckmetall-tafelware-76x35x11 | B82: Streckgitter | C82: 76x35x11 | D82: Stahl (verzinkt) | E82: 1,50 mm | F82: Kleinformat (1000 x 2000 mm) | G82: https://cdn.shopify.com/s/files/1/0575/0797/1253/files/Streckmetall_Raute_76x35x11.jpg?v=1723045158 | H82: https://cdn.shopify.com/s/files/1/0575/0797/1253/files/76-35-11.pdf?v=1723206887 | I82: // | K82: 224 | L82: 150 | M82: 132 | N82: 113 | O82: 98 | P82: 98 | Q82: 86 | R82: 86 | S82: 86 | T82: 75 | U82: 0 | V82: 14272 | W82: Sendzimir (verzinkt) | X82: St 02 Z 140 | Y82: DX51D+Z 140 | Z82: 8 g/cm³ | AA82: 37,00 % | AB82: 15,12 Kg | AC82: 791 | AF82: Wir weisen darauf hin, dass diese Zinkauflage im Außenbereich keinen ausreichenden und dauerhaften Korrosionsschutz gewährt.
A83: =VLOOKUP(V83,SVERWEIS!A:B,2,FALSE) -> streckmetall-tafelware-76x35x11 | B83: Streckgitter | C83: 76x35x11 | D83: Stahl (verzinkt) | E83: 1,50 mm | F83: Mittelformat (1250 x 2500 mm) | G83: https://cdn.shopify.com/s/files/1/0575/0797/1253/files/Streckmetall_Raute_76x35x11.jpg?v=1723045158 | H83: https://cdn.shopify.com/s/files/1/0575/0797/1253/files/76-35-11.pdf?v=1723206887 | I83: // | K83: 351 | L83: 208 | M83: 177 | N83: 153 | O83: 135 | P83: 135 | Q83: 117 | R83: 117 | S83: 117 | T83: 106 | U83: 0 | V83: 14273 | W83: Sendzimir (verzinkt) | X83: St 02 Z 140 | Y83: DX51D+Z 140 | Z83: 8 g/cm³ | AA83: 37,00 % | AB83: 23,63 Kg | AC83: 791 | AF83: Wir weisen darauf hin, dass diese Zinkauflage im Außenbereich keinen ausreichenden und dauerhaften Korrosionsschutz gewährt.
A84: streckmetall-tafelware-76x35x11 | B84: Streckgitter | C84: 76x35x11 | D84: Stahl | E84: 1,50 mm | F84: Kleinformat (1000 x 2000 mm) | G84: https://cdn.shopify.com/s/files/1/0575/0797/1253/files/Streckmetall_Raute_76x35x11.jpg?v=1723045158 | H84: https://cdn.shopify.com/s/files/1/0575/0797/1253/files/76-35-11.pdf?v=1723206887 | I84: // | K84: 220 | L84: 146 | M84: 129 | N84: 110 | O84: 94 | P84: 94 | Q84: 83 | R84: 83 | S84: 83 | T84: 71 | U84: 0 | V84: 14269 | W84: Stahl | X84: StW 22 | Y84: DD 11 | Z84: 8 g/cm³ | AA84: 37,00 % | AB84: 15,12 Kg | AC84: 791 | AF84: Ohne besondere Oberflächenbearbeitung.
A85: =VLOOKUP(V85,SVERWEIS!A:B,2,FALSE) -> streckmetall-tafelware-76x35x11 | B85: Streckgitter | C85: 76x35x11 | D85: Stahl | E85: 1,50 mm | F85: Mittelformat (1250 x 2500 mm) | G85: https://cdn.shopify.com/s/files/1/0575/0797/1253/files/Streckmetall_Raute_76x35x11.jpg?v=1723045158 | H85: https://cdn.shopify.com/s/files/1/0575/0797/1253/files/76-35-11.pdf?v=1723206887 | I85: // | K85: 279 | L85: 146.25 | M85: 118.125 | N85: 97.875 | O85: 84.375 | P85: 84.375 | Q85: 69.75 | R85: 69.75 | S85: 69.75 | T85: 66.375 | U85: 0 | V85: 14270 | W85: Stahl | X85: StW 22 | Y85: DD 11 | Z85: 8 g/cm³ | AA85: 37,00 % | AB85: 23,63 Kg | AC85: 791 | AF85: Ohne besondere Oberflächenbearbeitung.
A86: =VLOOKUP(V86,SVERWEIS!A:B,2,FALSE) -> streckmetall-tafelware-76x35x11 | B86: Streckgitter | C86: 76x35x11 | D86: Stahl | E86: 1,50 mm | F86: Großformat (1500 x 3000 mm) | G86: https://cdn.shopify.com/s/files/1/0575/0797/1253/files/Streckmetall_Raute_76x35x11.jpg?v=1723045158 | H86: https://cdn.shopify.com/s/files/1/0575/0797/1253/files/76-35-11.pdf?v=1723206887 | I86: // | K86: 379 | L86: 249 | M86: 214 | N86: 189 | O86: 162 | P86: 162 | Q86: 146 | R86: 146 | S86: 146 | T86: 123 | U86: 0 | V86: 14271 | W86: Stahl | X86: StW 22 | Y86: DD 11 | Z86: 8 g/cm³ | AA86: 37,00 % | AB86: 34,02 Kg | AC86: 791 | AF86: Ohne besondere Oberflächenbearbeitung.
A87: streckmetall-tafelware-76x35x11 | B87: Streckgitter | C87: 76x35x11 | D87: Stahl | E87: 2,00 mm | F87: Kleinformat (1000 x 2000 mm) | G87: https://cdn.shopify.com/s/files/1/0575/0797/1253/files/Streckmetall_Raute_76x35x11.jpg?v=1723045158 | H87: https://cdn.shopify.com/s/files/1/0575/0797/1253/files/76-35-11.pdf?v=1723206887 | I87: // | K87: 229 | L87: 155 | M87: 137 | N87: 118 | O87: 102 | P87: 102 | Q87: 91 | R87: 91 | S87: 91 | T87: 79 | U87: 0 | V87: 14254 | W87: Stahl | X87: StW 22 | Y87: DD 11 | Z87: 8 g/cm³ | AA87: 37,00 % | AB87: 20,16 Kg | AC87: 791 | AF87: Ohne besondere Oberflächenbearbeitung.
A88: =VLOOKUP(V88,SVERWEIS!A:B,2,FALSE) -> streckmetall-tafelware-76x35x11 | B88: Streckgitter | C88: 76x35x11 | D88: Stahl | E88: 2,00 mm | F88: Mittelformat (1250 x 2500 mm) | G88: https://cdn.shopify.com/s/files/1/0575/0797/1253/files/Streckmetall_Raute_76x35x11.jpg?v=1723045158 | H88: https://cdn.shopify.com/s/files/1/0575/0797/1253/files/76-35-11.pdf?v=1723206887 | I88: // | K88: 358 | L88: 215 | M88: 185 | N88: 161 | O88: 143 | P88: 143 | Q88: 125 | R88: 125 | S88: 125 | T88: 112 | U88: 0 | V88: 14268 | W88: Stahl | X88: StW 22 | Y88: DD 11 | Z88: 8 g/cm³ | AA88: 37,00 % | AB88: 31,50 Kg | AC88: 791 | AF88: Ohne besondere Oberflächenbearbeitung.
A89: =VLOOKUP(V89,SVERWEIS!A:B,2,FALSE) -> streckmetall-tafelware-76x35x11 | B89: Streckgitter | C89: 76x35x11 | D89: Stahl | E89: 2,00 mm | F89: Großformat (1500 x 3000 mm) | G89: https://cdn.shopify.com/s/files/1/0575/0797/1253/files/Streckmetall_Raute_76x35x11.jpg?v=1723045158 | H89: https://cdn.shopify.com/s/files/1/0575/0797/1253/files/76-35-11.pdf?v=1723206887 | I89: // | K89: 398 | L89: 267 | M89: 232 | N89: 207 | O89: 180 | P89: 180 | Q89: 162 | R89: 162 | S89: 162 | T89: 135 | U89: 0 | V89: 14280 | W89: Stahl | X89: StW 22 | Y89: DD 11 | Z89: 8 g/cm³ | AA89: 37,00 % | AB89: 45,36 Kg | AC89: 791 | AF89: Ohne besondere Oberflächenbearbeitung.
A90: streckmetall-tafelware-110x52x24 | B90: Streckgitter | C90: 110x52x24 | D90: Aluminium | E90: 2,00 mm | F90: Kleinformat (1000 x 2000 mm) | G90: https://cdn.shopify.com/s/files/1/0575/0797/1253/files/Streckmetall_Raute_110x52x24.jpg?v=1723045158 | H90: https://cdn.shopify.com/s/files/1/0575/0797/1253/files/76-35-11.pdf?v=1723206887 | I90: // | J90: (ohne Folie) | K90: 187 | L90: 162 | M90: 148 | N90: 122 | O90: 113 | P90: 113 | Q90: 98 | R90: 98 | S90: 98 | T90: 93 | U90: 0 | V90: 14486 | W90: Aluminium ohne Folie | X90: Al 99,5 % hh | Y90: EN AW-1050A H24 | Z90: 2,7 g/cm³ | AA90: 8,00 % | AB90: 9,94 Kg | AC90: 791 | AF90: Ohne besondere Oberflächenbearbeitung.
A91: =VLOOKUP(V91,SVERWEIS!A:B,2,FALSE) -> streckmetall-tafelware-110x52x24 | B91: Streckgitter | C91: 110x52x24 | D91: Aluminium | E91: 2,00 mm | F91: Mittelformat (1250 x 2500 mm) | G91: https://cdn.shopify.com/s/files/1/0575/0797/1253/files/Streckmetall_Raute_110x52x24.jpg?v=1723045158 | H91: https://cdn.shopify.com/s/files/1/0575/0797/1253/files/76-35-11.pdf?v=1723206887 | I91: // | J91: (ohne Folie) | K91: 473 | L91: 282 | M91: 233 | N91: 216 | O91: 184 | P91: 184 | Q91: 169 | R91: 169 | S91: 169 | T91: 151 | U91: 0 | V91: 14485 | W91: Aluminium ohne Folie | X91: Al 99,5 % hh | Y91: EN AW-1050A H24 | Z91: 2,7 g/cm³ | AA91: 8,00 % | AB91: 15,53 Kg | AC91: 791 | AF91: Ohne besondere Oberflächenbearbeitung.
A92: =VLOOKUP(V92,SVERWEIS!A:B,2,FALSE) -> streckmetall-tafelware-110x52x24 | B92: Streckgitter | C92: 110x52x24 | D92: Aluminium | E92: 2,00 mm | F92: Großformat (1500 x 3000 mm) | G92: https://cdn.shopify.com/s/files/1/0575/0797/1253/files/Streckmetall_Raute_110x52x24.jpg?v=1723045158 | H92: https://cdn.shopify.com/s/files/1/0575/0797/1253/files/76-35-11.pdf?v=1723206887 | I92: // | J92: (ohne Folie) | K92: 507 | L92: 337 | M92: 312 | N92: 266 | O92: 244 | P92: 244 | Q92: 218 | R92: 218 | S92: 218 | T92: 189 | U92: 0 | V92: 14484 | W92: Aluminium ohne Folie | X92: Al 99,5 % hh | Y92: EN AW-1050A H24 | Z92: 2,7 g/cm³ | AA92: 8,00 % | AB92: 22,36 Kg | AC92: 791 | AF92: Ohne besondere Oberflächenbearbeitung.
A93: streckmetall-tafelware-110x52x24 | B93: Streckgitter | C93: 110x52x24 | D93: Edelstahl (V2A) | E93: 1,00 mm | F93: Kleinformat (1000 x 2000 mm) | G93: https://cdn.shopify.com/s/files/1/0575/0797/1253/files/Streckmetall_Raute_110x52x24.jpg?v=1723045158 | H93: https://cdn.shopify.com/s/files/1/0575/0797/1253/files/76-35-11.pdf?v=1723206887 | I93: // | J93: (ohne Folie) | K93: 277 | L93: 227 | M93: 196 | N93: 172 | O93: 154 | P93: 154 | Q93: 139 | R93: 139 | S93: 139 | T93: 121 | U93: 0 | V93: 14490 | W93: Edelstahl (V2A) | X93: 1.4301 | Y93: X5CrNi18-10 | Z93: 8 g/cm³ | AA93: 8,00 % | AB93: 14,72 Kg | AC93: 791 | AF93: Ohne besondere Oberflächenbearbeitung.
A94: streckmetall-tafelware-110x52x24 | B94: Streckgitter | C94: 110x52x24 | D94: Stahl (verzinkt) | E94: 1,00 mm | F94: Kleinformat (1000 x 2000 mm) | G94: https://cdn.shopify.com/s/files/1/0575/0797/1253/files/Streckmetall_Raute_110x52x24.jpg?v=1723045158 | H94: https://cdn.shopify.com/s/files/1/0575/0797/1253/files/76-35-11.pdf?v=1723206887 | I94: // | K94: 202 | L94: 130 | M94: 112 | N94: 100 | O94: 84 | P94: 84 | Q94: 73 | R94: 73 | S94: 73 | T94: 60 | U94: 0 | V94: 14489 | W94: Sendzimir (verzinkt) | X94: St 02 Z 140 | Y94: DX51D+Z 140 | Z94: 8 g/cm³ | AA94: 8,00 % | AB94: 14,72 Kg | AC94: 791 | AF94: Wir weisen darauf hin, dass diese Zinkauflage im Außenbereich keinen ausreichenden und dauerhaften Korrosionsschutz gewährt.
A95: =VLOOKUP(V95,SVERWEIS!A:B,2,FALSE) -> streckmetall-tafelware-110x52x24 | B95: Streckgitter | C95: 110x52x24 | D95: Stahl (verzinkt) | E95: 1,00 mm | F95: Mittelformat (1250 x 2500 mm) | G95: https://cdn.shopify.com/s/files/1/0575/0797/1253/files/Streckmetall_Raute_110x52x24.jpg?v=1723045158 | H95: https://cdn.shopify.com/s/files/1/0575/0797/1253/files/76-35-11.pdf?v=1723206887 | I95: // | K95: 316 | L95: 176 | M95: 166 | N95: 132 | O95: 115 | P95: 115 | Q95: 94 | R95: 94 | S95: 94 | T95: 85 | U95: 0 | V95: 14488 | W95: Sendzimir (verzinkt) | X95: St 02 Z 140 | Y95: DX51D+Z 140 | Z95: 8 g/cm³ | AA95: 8,00 % | AB95: 23,00 Kg | AC95: 791 | AF95: Wir weisen darauf hin, dass diese Zinkauflage im Außenbereich keinen ausreichenden und dauerhaften Korrosionsschutz gewährt.
A96: streckmetall-tafelware-110x52x24 | B96: Streckgitter | C96: 110x52x24 | D96: Stahl | E96: 1,50 mm | F96: Kleinformat (1000 x 2000 mm) | G96: https://cdn.shopify.com/s/files/1/0575/0797/1253/files/Streckmetall_Raute_110x52x24.jpg?v=1723045158 | H96: https://cdn.shopify.com/s/files/1/0575/0797/1253/files/76-35-11.pdf?v=1723206887 | I96: // | K96: 226 | L96: 152 | M96: 134 | N96: 115 | O96: 100 | P96: 100 | Q96: 88 | R96: 88 | S96: 88 | T96: 77 | U96: 0 | V96: 14492 | W96: Stahl | X96: StW 22 | Y96: DD 11 | Z96: 8 g/cm³ | AA96: 8,00 % | AB96: 22,08 Kg | AC96: 791 | AF96: Ohne besondere Oberflächenbearbeitung.
A97: =VLOOKUP(V97,SVERWEIS!A:B,2,FALSE) -> streckmetall-tafelware-110x52x24 | B97: Streckgitter | C97: 110x52x24 | D97: Stahl | E97: 1,50 mm | F97: Mittelformat (1250 x 2500 mm) | G97: https://cdn.shopify.com/s/files/1/0575/0797/1253/files/Streckmetall_Raute_110x52x24.jpg?v=1723045158 | H97: https://cdn.shopify.com/s/files/1/0575/0797/1253/files/76-35-11.pdf?v=1723206887 | I97: // | K97: 353 | L97: 210 | M97: 180 | N97: 156 | O97: 138 | P97: 138 | Q97: 120 | R97: 120 | S97: 120 | T97: 109 | U97: 0 | V97: 14493 | W97: Stahl | X97: StW 22 | Y97: DD 11 | Z97: 8 g/cm³ | AA97: 8,00 % | AB97: 34,50 Kg | AC97: 791 | AF97: Ohne besondere Oberflächenbearbeitung.
A98: =VLOOKUP(V98,SVERWEIS!A:B,2,FALSE) -> streckmetall-tafelware-110x52x24 | B98: Streckgitter | C98: 110x52x24 | D98: Stahl | E98: 1,50 mm | F98: Großformat (1500 x 3000 mm) | G98: https://cdn.shopify.com/s/files/1/0575/0797/1253/files/Streckmetall_Raute_110x52x24.jpg?v=1723045158 | H98: https://cdn.shopify.com/s/files/1/0575/0797/1253/files/76-35-11.pdf?v=1723206887 | I98: // | K98: 391 | L98: 261 | M98: 226 | N98: 200 | O98: 174 | P98: 174 | Q98: 158 | R98: 158 | S98: 158 | T98: 135 | U98: 0 | V98: 14494 | W98: Stahl | X98: StW 22 | Y98: DD 11 | Z98: 8 g/cm³ | AA98: 8,00 % | AB98: 49,68 Kg | AC98: 791 | AF98: Ohne besondere Oberflächenbearbeitung.
A99: streckmetall-tafelware-115x40x3 | B99: Streckgitter | C99: 115x40x3 | D99: Aluminium | E99: 2,00 mm | F99: Kleinformat (1000 x 2000 mm) | G99: https://cdn.shopify.com/s/files/1/0575/0797/1253/files/Streckmetall_Raute_115x40x3.jpg?v=1723045158 | H99: https://cdn.shopify.com/s/files/1/0575/0797/1253/files/115-40-3.pdf?v=1723206886 | I99: // | J99: (ohne Folie) | K99: 272 | L99: 179 | M99: 157 | N99: 128 | O99: 115 | P99: 115 | Q99: 95 | R99: 95 | S99: 95 | T99: 83 | U99: 0 | V99: 14513 | W99: Aluminium ohne Folie | X99: Al 99,5 % hh | Y99: EN AW-1050A H24 | Z99: 2,7 g/cm³ | AA99: 85,00 % | AB99: 1,62 Kg | AC99: 791 | AF99: Ohne besondere Oberflächenbearbeitung.
A100: =VLOOKUP(V100,SVERWEIS!A:B,2,FALSE) -> streckmetall-tafelware-115x40x3 | B100: Streckgitter | C100: 115x40x3 | D100: Aluminium | E100: 2,00 mm | F100: Mittelformat (1250 x 2500 mm) | G100: https://cdn.shopify.com/s/files/1/0575/0797/1253/files/Streckmetall_Raute_115x40x3.jpg?v=1723045158 | H100: https://cdn.shopify.com/s/files/1/0575/0797/1253/files/115-40-3.pdf?v=1723206886 | I100: // | J100: (ohne Folie) | K100: 425 | L100: 246 | M100: 200 | N100: 181 | O100: 146 | P100: 146 | Q100: 131 | R100: 131 | S100: 131 | T100: 111 | U100: 0 | V100: 14512 | W100: Aluminium ohne Folie | X100: Al 99,5 % hh | Y100: EN AW-1050A H24 | Z100: 2,7 g/cm³ | AA100: 85,00 % | AB100: 2,53 Kg | AC100: 791 | AF100: Ohne besondere Oberflächenbearbeitung.
...

Sheet SVERWEIS
A1: 15774 | B1: lochblech-tafelware-quadratlochung-gerade-qg-4-194
A2: 363 | B2: lochblech-tafelware-quadratlochung-gerade-qg-5-8
A3: 366 | B3: lochblech-tafelware-quadratlochung-gerade-qg-5-8
A4: 367 | B4: lochblech-tafelware-quadratlochung-gerade-qg-5-8
A5: 356 | B5: lochblech-tafelware-quadratlochung-gerade-qg-5-8
A6: 357 | B6: lochblech-tafelware-quadratlochung-gerade-qg-5-8
A7: 358 | B7: lochblech-tafelware-quadratlochung-gerade-qg-5-8
A8: 359 | B8: lochblech-tafelware-quadratlochung-gerade-qg-5-8
A9: 360 | B9: lochblech-tafelware-quadratlochung-gerade-qg-5-8
A10: 797 | B10: lochblech-tafelware-quadratlochung-gerade-qg-5-16
A11: 537 | B11: lochblech-tafelware-quadratlochung-gerade-qg-5-16
A12: 5141 | B12: lochblech-tafelware-quadratlochung-gerade-qg-5-16
... A250: 15758 | B250: kunststoff-lochplatte-tafelware-qg-20-25-aus-pvc
B251: kunststoff-lochplatte-tafelware-qg-20-25-aus-pvc
A252: 15765 | B252: kunststoff-lochplatte-tafelware-rv-6-14-aus-pvc
A253: 15764 | B253: kunststoff-lochplatte-tafelware-rv-6-14-aus-pvc
B254: kunststoff-lochplatte-tafelware-rv-6-14-aus-pvc
A255: 15768 | B255: kunststoff-lochplatte-tafelware-rv-20-28-aus-pvc
A256: 15767 | B256: kunststoff-lochplatte-tafelware-rv-20-28-aus-pvc
B257: kunststoff-lochplatte-tafelware-rv-20-28-aus-pvc
A258: 940 | B258: lochblech-tafelware-quadratlochung-gerade-qg-5-16
A259: 1062 | B259: lochblech-tafelware-quadratlochung-gerade-qg-5-16
A260: 846 | B260: lochblech-tafelware-quadratlochung-gerade-qg-5-16
A261: 376 | B261: lochblech-tafelware-quadratlochung-gerade-qg-5-16
A262: 5178 | B262: lochblech-tafelware-quadratlochung-gerade-qg-5-16
A263: 1840 | B263: lochblech-tafelware-quadratlochung-gerade-qg-5-16
A264: 5182 | B264: lochblech-tafelware-quadratlochung-gerade-qg-5-16
A265: 797 | B265: lochblech-tafelware-quadratlochung-gerade-qg-5-16
A266: 537 | B266: lochblech-tafelware-quadratlochung-gerade-qg-5-16
A267: 5120 | B267: lochblech-tafelware-quadratlochung-gerade-qg-5-16
A268: 795 | B268: lochblech-tafelware-quadratlochung-gerade-qg-5-16
A269: 1969 | B269: lochblech-tafelware-quadratlochung-gerade-qg-5-8
... A725: 12668 | B725: wellengitter-tafelware-wg-52-52
B726: daemmung-fuer-rippenheizkoerper
B727: daemmung-fuer-rippenheizkoerper
B728: daemmung-fuer-rippenheizkoerper
B729: daemmung-fuer-rippenheizkoerper
B730: daemmung-fuer-rippenheizkoerper
B731: daemmung-fuer-rippenheizkoerper
B732: daemmung-fuer-rippenheizkoerper
B733: daemmung-fuer-rippenheizkoerper
B734: daemmung-fuer-rippenheizkoerper
B735: daemmung-fuer-rippenheizkoerper
B736: daemmung-fuer-rippenheizkoerper
B737: daemmung-fuer-rippenheizkoerper
... B765: daemmung-fuer-rippenheizkoerper
A766: 15596 | B766: lochblech-tafelware-hexagonal-versetzt-hv-2-2-5
A767: 1919 | B767: lochblech-tafelware-hexagonal-versetzt-hv-2-2-5
A768: 790 | B768: lochblech-tafelware-rundlochung-versetzt-rv-1-1-2
A769: 1157 | B769: lochblech-tafelware-rundlochung-versetzt-rv-1-1-2
A770: 1864 | B770: lochblech-tafelware-rundlochung-versetzt-rv-1-1-2
A771: 2 | B771: lochblech-tafelware-rundlochung-versetzt-rv-1-1-2
A772: 7390 | B772: lochblech-tafelware-hexagonal-versetzt-hv-4-5-5
A773: 12517 | B773: wellengitter-tafelware-wg-11-11
A774: 12518 | B774: wellengitter-tafelware-wg-11-11
B775: wellengitter-tafelware-wg-11-11
A776: 15838 | B776: riffelblech-tafelware-quintett-4-5-34
